MIIIGModulOnkologie/KDL-Dokumentklassen.page.md	input/intro-notes/ValueSet-mii-vs-onko-kdl-dokumentklassen-intro.md	content about one artefact - its intro note	1	compact match on mii-vs-onko-kdl-dokumentklassen (1 candidate artefact)
MIIIGModulOnkologie/TechnischeImplementierung/oBDS-SNOMED-CT-Mapping/Lokalisation-Fernmetastasen.page.md	input/intro-notes/ConceptMap-mii-cm-onko-fernmetastasen-sct-intro.md	content about one artefact - its intro note (human-reviewed: dominante Artefakt-ID im Seitentext)	1	tokens match on mii-pr-onko-fernmetastasen (7 candidate artefacts)
MIIIGModulOnkologie/TechnischeImplementierung/oBDS-SNOMED-CT-Mapping/Intention.page.md	input/intro-notes/ConceptMap-mii-cm-onko-intention-sct-intro.md	content about one artefact - its intro note (human-reviewed: dominante Artefakt-ID im Seitentext)	1	compact match on mii-ex-onko-operation-intention (11 candidate artefacts)
MIIIGModulOnkologie/TechnischeImplementierung/oBDS-SNOMED-CT-Mapping/Seitenlokalisation.page.md	input/intro-notes/ConceptMap-mii-cm-onko-seitenlokalisation-sct-intro.md	content about one artefact - its intro note (human-reviewed: dominante Artefakt-ID im Seitentext)	1	compact match on mii-ex-onko-strahlentherapie-bestrahlung-seitenlokalisation (4 candidate artefacts)
MIIIGModulOnkologie/TechnischeImplementierung/oBDS-SNOMED-CT-Mapping/Therapie-Ende-Grund.page.md	input/intro-notes/ConceptMap-mii-cm-onko-therapie-ende-sct-intro.md	content about one artefact - its intro note (human-reviewed: dominante Artefakt-ID im Seitentext)	1	compact match on mii-vs-onko-systemische-therapie-ende-grund (4 candidate artefacts)
MIIIGModulOnkologie/TechnischeImplementierung/oBDS-SNOMED-CT-Mapping/Therapie-Stellung.page.md	input/intro-notes/ConceptMap-mii-cm-onko-therapie-stellung-sct-intro.md	content about one artefact - its intro note	1	compact match on mii-cm-onko-therapie-stellung-sct (31 candidate artefacts)
MIIIGModulOnkologie/TechnischeImplementierung/oBDS-SNOMED-CT-Mapping/Therapietyp.page.md	input/intro-notes/ConceptMap-mii-cm-onko-therapie-typ-sct-intro.md	content about one artefact - its intro note (human-reviewed: dominante Artefakt-ID im Seitentext)	1	compact match on mii-cs-onko-therapie-typ (2 candidate artefacts)
MIIIGModulOnkologie/TechnischeImplementierung/oBDS-SNOMED-CT-Mapping/Primaertumor-Diagnosesicherung.page.md	input/intro-notes/ConceptMap-mii-cm-onko-primaertumor-diagnosesicherung-sct-intro.md	content about one artefact - its intro note (human-reviewed: dominante Artefakt-ID im Seitentext)	1	compact match on mii-vs-onko-primaertumor-diagnosesicherung (8 candidate artefacts)
MIIIGModulOnkologie/TechnischeImplementierung/oBDS-SNOMED-CT-Mapping/Grading.page.md	input/intro-notes/ConceptMap-mii-cm-onko-grading-sct-intro.md	content about one artefact - its intro note (human-reviewed: dominante Artefakt-ID im Seitentext)	1	compact match on mii-pr-onko-grading (4 candidate artefacts)
MIIIGModulOnkologie/TechnischeImplementierung/oBDS-SNOMED-CT-Mapping/TNM-klinisch.page.md	input/intro-notes/ConceptMap-mii-cm-onko-tnm-uicc-sct-clinical-intro.md	content about one artefact - its intro note (human-reviewed: dominante Artefakt-ID im Seitentext)	1	tokens match on mii-pr-onko-tnm-a-symbol (50 candidate artefacts)
MIIIGModulOnkologie/TechnischeImplementierung/oBDS-SNOMED-CT-Mapping/TNM-pathologisch.page.md	input/intro-notes/ConceptMap-mii-cm-onko-tnm-uicc-sct-pathological-intro.md	content about one artefact - its intro note (human-reviewed: dominante Artefakt-ID im Seitentext)	1	tokens match on mii-pr-onko-tnm-a-symbol (50 candidate artefacts)
MIIIGModulOnkologie/TechnischeImplementierung/oBDS-SNOMED-CT-Mapping/Allgemeiner-Leistungszustand.page.md	input/intro-notes/ConceptMap-mii-cm-onko-allgemeiner-leistungszustand-sct-intro.md	content about one artefact - its intro note (human-reviewed: dominante Artefakt-ID im Seitentext)	1	compact match on mii-pr-onko-allgemeiner-leistungszustand-ecog (11 candidate artefacts)
MIIIGModulOnkologie/TechnischeImplementierung/oBDS-SNOMED-CT-Mapping/Strahlentherapie-Strahleneinheit.page.md	input/intro-notes/ConceptMap-mii-cm-onko-strahlentherapie-strahleneinheit-sct-intro.md	content about one artefact - its intro note	1	compact match on mii-cm-onko-strahlentherapie-strahleneinheit-sct (36 candidate artefacts)
MIIIGModulOnkologie/TechnischeImplementierung/oBDS-SNOMED-CT-Mapping/Strahlentherapie-Applikationsart.page.md	input/intro-notes/ConceptMap-mii-cm-onko-strahlentherapie-applikationsart-sct-intro.md	content about one artefact - its intro note (human-reviewed: dominante Artefakt-ID im Seitentext)	1	compact match on mii-vs-onko-strahlentherapie-applikationsart (36 candidate artefacts)
MIIIGModulOnkologie/TechnischeImplementierung/oBDS-SNOMED-CT-Mapping/Strahlentherapie-Boost.page.md	input/intro-notes/ConceptMap-mii-cm-onko-strahlentherapie-boost-sct-intro.md	content about one artefact - its intro note (human-reviewed: dominante Artefakt-ID im Seitentext)	1	compact match on mii-vs-onko-strahlentherapie-boost (36 candidate artefacts)
MIIIGModulOnkologie/TechnischeImplementierung/oBDS-SNOMED-CT-Mapping/Strahlentherapie-Strahlenart.page.md	input/intro-notes/ConceptMap-mii-cm-onko-strahlentherapie-strahlenart-sct-intro.md	content about one artefact - its intro note (human-reviewed: dominante Artefakt-ID im Seitentext)	1	compact match on mii-vs-onko-strahlentherapie-strahlenart (36 candidate artefacts)
MIIIGModulOnkologie/TechnischeImplementierung/oBDS-SNOMED-CT-Mapping/Strahlentherapie-Zielgebiet.page.md	input/intro-notes/ConceptMap-mii-cm-onko-strahlentherapie-zielgebiet-sct-intro.md	content about one artefact - its intro note (human-reviewed: dominante Artefakt-ID im Seitentext)	1	compact match on mii-vs-onko-strahlentherapie-zielgebiet (36 candidate artefacts)
MIIIGModulOnkologie/TechnischeImplementierung/oBDS-SNOMED-CT-Mapping/Nebenwirkung.page.md	input/intro-notes/ConceptMap-mii-cm-onko-nebenwirkung-sct-intro.md	content about one artefact - its intro note (human-reviewed: dominante Artefakt-ID im Seitentext)	1	compact match on mii-pr-onko-nebenwirkung-adverse-event (8 candidate artefacts)
MIIIGModulOnkologie/TechnischeImplementierung/oBDS-SNOMED-CT-Mapping/Verlauf-Fernmetastasen.page.md	input/intro-notes/ConceptMap-mii-cm-onko-verlauf-fernmetastasen-sct-intro.md	content about one artefact - its intro note (human-reviewed: dominante Artefakt-ID im Seitentext)	1	compact match on mii-vs-onko-verlauf-fernmetastasen (17 candidate artefacts)
MIIIGModulOnkologie/TechnischeImplementierung/oBDS-SNOMED-CT-Mapping/Verlauf-Gesamtbeurteilung.page.md	input/intro-notes/ConceptMap-mii-cm-onko-verlauf-gesamtbeurteilung-sct-intro.md	content about one artefact - its intro note (human-reviewed: dominante Artefakt-ID im Seitentext)	1	compact match on mii-vs-onko-verlauf-gesamtbeurteilung (14 candidate artefacts)
MIIIGModulOnkologie/TechnischeImplementierung/oBDS-SNOMED-CT-Mapping/Verlauf-Lymphknoten.page.md	input/intro-notes/ConceptMap-mii-cm-onko-verlauf-lymphknoten-sct-intro.md	content about one artefact - its intro note (human-reviewed: dominante Artefakt-ID im Seitentext)	1	compact match on mii-vs-onko-verlauf-lymphknoten (17 candidate artefacts)
MIIIGModulOnkologie/TechnischeImplementierung/oBDS-SNOMED-CT-Mapping/Verlauf-Primaertumor.page.md	input/intro-notes/ConceptMap-mii-cm-onko-verlauf-primaertumor-sct-intro.md	content about one artefact - its intro note (human-reviewed: dominante Artefakt-ID im Seitentext)	1	compact match on mii-vs-onko-verlauf-primaertumor (18 candidate artefacts)
MIIIGModulOnkologie/TechnischeImplementierung/oBDS-SNOMED-CT-Mapping/Therapieabweichung.page.md	input/intro-notes/ConceptMap-mii-cm-onko-therapieabweichung-sct-intro.md	content about one artefact - its intro note (human-reviewed: dominante Artefakt-ID im Seitentext)	1	compact match on mii-vs-onko-therapieabweichung (3 candidate artefacts)
MIIIGModulOnkologie/TechnischeImplementierung/oBDS-SNOMED-CT-Mapping/Therapieplanung.page.md	input/intro-notes/ConceptMap-mii-cm-onko-therapieplanung-sct-intro.md	content about one artefact - its intro note (human-reviewed: dominante Artefakt-ID im Seitentext)	1	compact match on mii-vs-onko-therapieplanung-typ (3 candidate artefacts)
MIIIGModulOnkologie/TechnischeImplementierung/oBDS-SNOMED-CT-Mapping/Tod.page.md	input/intro-notes/ConceptMap-mii-cm-onko-tod-sct-intro.md	content about one artefact - its intro note (human-reviewed: dominante Artefakt-ID im Seitentext)	1	tokens match on mii-pr-onko-tod (4 candidate artefacts)
MIIIGModulOnkologie/TechnischeImplementierung/oBDS-SNOMED-CT-Mapping/Genetische-Variante-Auspraegung.page.md	input/intro-notes/ConceptMap-mii-cm-onko-genetische-variante-auspraegung-sct-intro.md	content about one artefact - its intro note (human-reviewed: dominante Artefakt-ID im Seitentext)	1	compact match on mii-vs-onko-genetische-variante-auspraegung (4 candidate artefacts)
MIIIGModulOnkologie/TechnischeImplementierung/oBDS-SNOMED-CT-Mapping/Studienteilnahme.page.md	input/intro-notes/ConceptMap-mii-cm-onko-studienteilnahme-sct-intro.md	content about one artefact - its intro note (human-reviewed: dominante Artefakt-ID im Seitentext)	1	compact match on mii-pr-onko-studienteilnahme (4 candidate artefacts)
