# source_page	target	reason	branch	measure
# page-map v2 - GENERATED by page-structure-advice.py v1.3.0; the Markdown report is its rendering.
# branch: spec 9e routing branch 1-4; 5 = RETIRED (non-authoritative guide tree, not migrated).
MIIIGModulOnkologie/Index.page.md	input/pagecontent/index.md	an agreed page already owns the concern	3	agreed page named 'index' exists in the target
MIIIGModulOnkologie/BeschreibungModulOnko.page.md	input/pagecontent/index.md	semantic home per references/routing-table.tsv	3	semantic match 'beschreibungmodul' -> index (routing-table)
MIIIGModulOnkologie/KontextimGesamtprojektBezgezuanderenModulen.page.md	input/pagecontent/implementer-guidance.md	semantic home per references/routing-table.tsv	3	semantic match 'kontextimgesamtprojekt' -> implementer-guidance (routing-table)
MIIIGModulOnkologie/KDL-Dokumentklassen.page.md	input/intro-notes/ValueSet-mii-vs-onko-kdl-dokumentklassen-intro.md	content about one artefact - its intro note	1	compact match on mii-vs-onko-kdl-dokumentklassen (1 candidate artefact)
MIIIGModulOnkologie/Referenzen.page.md	input/pagecontent/implementer-guidance.md	semantic home per references/routing-table.tsv	3	semantic match 'referenzen' -> implementer-guidance (routing-table)
MIIIGModulOnkologie/Abweichungen-zum-oBDS.page.md	input/pagecontent/guidance.md	semantic home per references/routing-table.tsv	3	semantic match 'abweichungen' -> guidance (routing-table)
MIIIGModulOnkologie/BezugZuNationalenStandards.page.md	input/pagecontent/guidance.md	semantic home per references/routing-table.tsv	3	semantic match 'bezugzu' -> guidance (routing-table)
MIIIGModulOnkologie/BezugZuInternationalenStandards.page.md	input/pagecontent/guidance.md	semantic home per references/routing-table.tsv	3	semantic match 'bezugzu' -> guidance (routing-table)
MIIIGModulOnkologie/Release-Notes.page.md	input/pagecontent/changes.md	semantic home per references/routing-table.tsv	3	semantic match 'releasenotes' -> changes (routing-table)
MIIIGModulOnkologie/AnwendungsflleInformationsmodell/Index.page.md	input/pagecontent/anwendungsfaelle-informationsmodell.md	cross-cutting narrative - own page (hub, pages:-nested) (human-reviewed: Ziel korrigiert)	4	no artefact anchor; no agreed page; 3 child page(s)
MIIIGModulOnkologie/AnwendungsflleInformationsmodell/BeschreibungvonSzenarienfrdieAnwendungderModule.page.md	input/pagecontent/guidance.md	semantic home per references/routing-table.tsv	3	semantic match 'szenarien' -> guidance (routing-table)
MIIIGModulOnkologie/AnwendungsflleInformationsmodell/Datenstzeinkl.Beschreibungen.page.md	input/pagecontent/datasets-and-descriptions.md	cross-cutting narrative - own page (merged prose, pages:-nested) (human-reviewed: Ziel korrigiert)	4	no artefact anchor; no agreed page; 0 child page(s)
MIIIGModulOnkologie/AnwendungsflleInformationsmodell/UML.page.md	input/pagecontent/uml-diagrams.md	semantic home per references/routing-table.tsv	3	semantic match 'uml' -> uml-diagrams (routing-table)
MIIIGModulOnkologie/TechnischeImplementierung/Index.page.md	RETIRED	"Quellseite absichtlich leer (""Diese Seite wurde absichtlich leer gelassen"") — kein Inhalt zu migrieren (human-reviewed)"	5	11 children, 2 anchoring distinct artefacts (CapabilityStatement)
MIIIGModulOnkologie/TechnischeImplementierung/Profile-Inhalt-und-Vererbung.page.md	input/pagecontent/profiles.md	subsection of the family overview MIIIGModulOnkologie/TechnischeImplementierung/Index.page.md (human-reviewed: Ziel korrigiert)	2	child of family overview MIIIGModulOnkologie/TechnischeImplementierung/Index.page.md (no anchor of its own)
MIIIGModulOnkologie/TechnischeImplementierung/Profile-Beziehungen-und-Referenzen.page.md	input/pagecontent/implementer-guidance.md	semantic home per references/routing-table.tsv	3	semantic match 'referenzen' -> implementer-guidance (routing-table)
MIIIGModulOnkologie/TechnischeImplementierung/Verwendung-von-Extensions.page.md	input/pagecontent/extensions.md	subsection of the family overview MIIIGModulOnkologie/TechnischeImplementierung/Index.page.md (human-reviewed: Ziel korrigiert)	2	child of family overview MIIIGModulOnkologie/TechnischeImplementierung/Index.page.md (no anchor of its own)
MIIIGModulOnkologie/TechnischeImplementierung/CapabilityStatement.page.md	input/pagecontent/capability-statements.md	semantic home per references/routing-table.tsv	3	semantic match 'capabilitystatement' -> capability-statements (routing-table)
MIIIGModulOnkologie/TechnischeImplementierung/Terminologien.page.md	input/pagecontent/code-systems.md	semantic home per references/routing-table.tsv	3	semantic match 'terminologien' -> code-systems (routing-table)
MIIIGModulOnkologie/TechnischeImplementierung/ICD-O-Terminologie.page.md	input/pagecontent/icd-o-terminologie.md	cross-cutting Terminologie-Narrativ - eigene Seite, pages:-nested (human-reviewed)	4	child of family overview MIIIGModulOnkologie/TechnischeImplementierung/Index.page.md (no anchor of its own)
MIIIGModulOnkologie/TechnischeImplementierung/Biomarker-Tumormarker-LOINC.page.md	input/pagecontent/tumormarker-loinc.md	cross-cutting Terminologie-Narrativ - eigene Seite, pages:-nested (human-reviewed)	4	child of family overview MIIIGModulOnkologie/TechnischeImplementierung/Index.page.md (no anchor of its own)
MIIIGModulOnkologie/TechnischeImplementierung/Toronto-Klassifikation.page.md	input/pagecontent/toronto-klassifikation.md	cross-cutting narrative - eigene Seite, pages:-nested ohne Menuepunkt (human-reviewed)	4	tokens match on mii-pr-onko-asa-klassifikation (4 candidate artefacts)
MIIIGModulOnkologie/TechnischeImplementierung/QA-Validierung.page.md	input/pagecontent/implementer-guidance.md	agreed page owns it - Validierungs-Guidance in implementer-guidance mergen (human-reviewed)	3	child of family overview MIIIGModulOnkologie/TechnischeImplementierung/Index.page.md (no anchor of its own)
MIIIGModulOnkologie/TechnischeImplementierung/FHIR-Profile/Index.page.md	input/pagecontent/profiles.md	subsection of the family overview MIIIGModulOnkologie/TechnischeImplementierung/Index.page.md (human-reviewed: Ziel korrigiert)	2	child of family overview MIIIGModulOnkologie/TechnischeImplementierung/Index.page.md (no anchor of its own)
MIIIGModulOnkologie/TechnischeImplementierung/FHIR-Profile/FHIR-Profil--Ressourcentyp.page.md	RETIRED	leeres Gerüst (Stichpunkt-Skelett ohne Inhalt) — nichts zu migrieren (human-reviewed)	5	child of family overview MIIIGModulOnkologie/TechnischeImplementierung/FHIR-Profile/Index.page.md (no anchor of its own)
MIIIGModulOnkologie/TechnischeImplementierung/FHIR-Profile/Diagnose/Index.page.md	RETIRED	Quellseite absichtlich leer / nur Navigation — kein Inhalt (human-reviewed)	5	4 children, 3 anchoring distinct artefacts (StructureDefinition)
MIIIGModulOnkologie/TechnischeImplementierung/FHIR-Profile/Diagnose/Diagnose-Condition.page.md	input/intro-notes/StructureDefinition-mii-pr-onko-diagnose-primaertumor-intro.md	content about one artefact - its intro note (human-reviewed: per subject-frontmatter korrigiert)	1	tokens match on mii-cm-mii-to-mvgenomseq-condition-diagnose-primaertumor (3 candidate artefacts)
MIIIGModulOnkologie/TechnischeImplementierung/FHIR-Profile/Diagnose/Fruehere-Tumorerkrankung-Condition.page.md	input/intro-notes/StructureDefinition-mii-pr-onko-fruehere-tumorerkrankung-intro.md	content about one artefact - its intro note	1	tokens match on mii-pr-onko-fruehere-tumorerkrankung (1 candidate artefact)
MIIIGModulOnkologie/TechnischeImplementierung/FHIR-Profile/Diagnose/Extension-ICD-O-3-Morphologie.page.md	input/intro-notes/StructureDefinition-mii-ex-onko-histology-morphology-behavior-icdo3-intro.md	content about one artefact - its intro note (human-reviewed: Reklassifizierung aus B2)	1	child of family overview MIIIGModulOnkologie/TechnischeImplementierung/FHIR-Profile/Diagnose/Index.page.md (no anchor of its own)
MIIIGModulOnkologie/TechnischeImplementierung/FHIR-Profile/Diagnose/Erstdiagnose-Evidenz-List.page.md	input/intro-notes/StructureDefinition-mii-pr-onko-liste-evidenz-erstdiagnose-intro.md	content about one artefact - its intro note	1	tokens match on mii-pr-onko-liste-evidenz-erstdiagnose (1 candidate artefact)
MIIIGModulOnkologie/TechnischeImplementierung/FHIR-Profile/Histologie/Index.page.md	RETIRED	Quellseite absichtlich leer / nur Navigation — kein Inhalt (human-reviewed)	5	6 children, 4 anchoring distinct artefacts (StructureDefinition)
MIIIGModulOnkologie/TechnischeImplementierung/FHIR-Profile/Histologie/Specimen-Specimen.page.md	input/intro-notes/StructureDefinition-mii-pr-onko-specimen-intro.md	content about one artefact - its intro note	1	tokens match on mii-pr-onko-specimen (2 candidate artefacts)
MIIIGModulOnkologie/TechnischeImplementierung/FHIR-Profile/Histologie/Lymphknotenuntersuchung-Observation.page.md	input/pagecontent/profiles.md	family overview (4 Lymphknoten-Zaehlprofile) - Abschnitt auf profiles (human-reviewed)	2	tokens match on mii-sp-onko-observation-ext-tnm-n-itc (5 candidate artefacts)
MIIIGModulOnkologie/TechnischeImplementierung/FHIR-Profile/Histologie/Histologiebefund-DiagnosticReport.page.md	input/intro-notes/StructureDefinition-mii-pr-onko-befund-intro.md	content about one artefact - its intro note (human-reviewed: Reklassifizierung aus B2)	1	child of family overview MIIIGModulOnkologie/TechnischeImplementierung/FHIR-Profile/Histologie/Index.page.md (no anchor of its own)
MIIIGModulOnkologie/TechnischeImplementierung/FHIR-Profile/Histologie/Grading-Observation.page.md	input/intro-notes/StructureDefinition-mii-pr-onko-grading-intro.md	content about one artefact - its intro note	1	tokens match on mii-pr-onko-grading (9 candidate artefacts)
MIIIGModulOnkologie/TechnischeImplementierung/FHIR-Profile/Histologie/Tumorgroesse-Observation.page.md	input/intro-notes/StructureDefinition-mii-pr-onko-tumorgroesse-intro.md	content about one artefact - its intro note	1	tokens match on mii-pr-onko-tumorgroesse (6 candidate artefacts)
MIIIGModulOnkologie/TechnischeImplementierung/FHIR-Profile/Histologie/Verlaufshistologie-Observation.page.md	input/intro-notes/StructureDefinition-mii-pr-onko-histologie-icdo3-intro.md	content about one artefact - its intro note (human-reviewed: per subject-frontmatter korrigiert)	1	tokens match on mii-sp-onko-observation-ext-tnm-n-itc (5 candidate artefacts)
MIIIGModulOnkologie/TechnischeImplementierung/FHIR-Profile/TNM-Klassifikation/Index.page.md	RETIRED	Quellseite absichtlich leer / nur Navigation — kein Inhalt (human-reviewed)	5	14 children, 3 anchoring distinct artefacts (StructureDefinition)
MIIIGModulOnkologie/TechnischeImplementierung/FHIR-Profile/TNM-Klassifikation/TNM-Klassifikation-Observation.page.md	input/intro-notes/StructureDefinition-mii-pr-onko-tnm-klassifikation-intro.md	content about one artefact - its intro note	1	tokens match on mii-pr-onko-tnm-klassifikation (8 candidate artefacts)
MIIIGModulOnkologie/TechnischeImplementierung/FHIR-Profile/TNM-Klassifikation/TNM-Kategorie-T-Observation.page.md	input/intro-notes/StructureDefinition-mii-pr-onko-tnm-t-kategorie-intro.md	content about one artefact - its intro note (human-reviewed: per subject-frontmatter korrigiert)	1	tokens match on mii-pr-onko-tnm-l-kategorie (25 candidate artefacts)
MIIIGModulOnkologie/TechnischeImplementierung/FHIR-Profile/TNM-Klassifikation/TNM-Kategorie-N-Observation.page.md	input/intro-notes/StructureDefinition-mii-pr-onko-tnm-n-kategorie-intro.md	content about one artefact - its intro note (human-reviewed: per subject-frontmatter korrigiert)	1	tokens match on mii-pr-onko-tnm-l-kategorie (25 candidate artefacts)
MIIIGModulOnkologie/TechnischeImplementierung/FHIR-Profile/TNM-Klassifikation/TNM-Kategorie-M-Observation.page.md	input/intro-notes/StructureDefinition-mii-pr-onko-tnm-m-kategorie-intro.md	content about one artefact - its intro note (human-reviewed: per subject-frontmatter korrigiert)	1	tokens match on mii-pr-onko-tnm-l-kategorie (25 candidate artefacts)
MIIIGModulOnkologie/TechnischeImplementierung/FHIR-Profile/TNM-Klassifikation/Extension-TNM-Prefix-c-p.page.md	input/intro-notes/StructureDefinition-mii-ex-onko-tnm-cp-praefix-intro.md	content about one artefact - its intro note (human-reviewed: Reklassifizierung aus B2)	1	child of family overview MIIIGModulOnkologie/TechnischeImplementierung/FHIR-Profile/TNM-Klassifikation/Index.page.md (no anchor of its own)
MIIIGModulOnkologie/TechnischeImplementierung/FHIR-Profile/TNM-Klassifikation/TNM-Symbol-a-Observation.page.md	input/intro-notes/StructureDefinition-mii-pr-onko-tnm-a-symbol-intro.md	content about one artefact - its intro note	1	tokens match on mii-pr-onko-tnm-a-symbol (10 candidate artefacts)
MIIIGModulOnkologie/TechnischeImplementierung/FHIR-Profile/TNM-Klassifikation/TNM-Symbol-m-Observation.page.md	input/intro-notes/StructureDefinition-mii-pr-onko-tnm-m-symbol-intro.md	content about one artefact - its intro note (human-reviewed: per subject-frontmatter korrigiert)	1	tokens match on mii-pr-onko-tnm-a-symbol (10 candidate artefacts)
MIIIGModulOnkologie/TechnischeImplementierung/FHIR-Profile/TNM-Klassifikation/TNM-Kategorie-l-Observation.page.md	input/intro-notes/StructureDefinition-mii-pr-onko-tnm-l-kategorie-intro.md	content about one artefact - its intro note	1	tokens match on mii-pr-onko-tnm-l-kategorie (25 candidate artefacts)
MIIIGModulOnkologie/TechnischeImplementierung/FHIR-Profile/TNM-Klassifikation/TNM-Kategorie-Pn-Observation.page.md	input/intro-notes/StructureDefinition-mii-pr-onko-tnm-pn-kategorie-intro.md	content about one artefact - its intro note (human-reviewed: per subject-frontmatter korrigiert)	1	tokens match on mii-pr-onko-tnm-l-kategorie (25 candidate artefacts)
MIIIGModulOnkologie/TechnischeImplementierung/FHIR-Profile/TNM-Klassifikation/TNM-Symbol-r-Observation.page.md	input/intro-notes/StructureDefinition-mii-pr-onko-tnm-r-symbol-intro.md	content about one artefact - its intro note (human-reviewed: per subject-frontmatter korrigiert)	1	tokens match on mii-pr-onko-tnm-a-symbol (10 candidate artefacts)
MIIIGModulOnkologie/TechnischeImplementierung/FHIR-Profile/TNM-Klassifikation/TNM-Kategorie-S-Observation.page.md	input/intro-notes/StructureDefinition-mii-pr-onko-tnm-s-kategorie-intro.md	content about one artefact - its intro note (human-reviewed: per subject-frontmatter korrigiert)	1	tokens match on mii-pr-onko-tnm-l-kategorie (25 candidate artefacts)
MIIIGModulOnkologie/TechnischeImplementierung/FHIR-Profile/TNM-Klassifikation/TNM-Kategorie-V-Observation.page.md	input/intro-notes/StructureDefinition-mii-pr-onko-tnm-v-kategorie-intro.md	content about one artefact - its intro note (human-reviewed: per subject-frontmatter korrigiert)	1	tokens match on mii-pr-onko-tnm-l-kategorie (25 candidate artefacts)
MIIIGModulOnkologie/TechnischeImplementierung/FHIR-Profile/TNM-Klassifikation/TNM-Symbol-y-Observation.page.md	input/intro-notes/StructureDefinition-mii-pr-onko-tnm-y-symbol-intro.md	content about one artefact - its intro note (human-reviewed: per subject-frontmatter korrigiert)	1	tokens match on mii-pr-onko-tnm-a-symbol (10 candidate artefacts)
MIIIGModulOnkologie/TechnischeImplementierung/FHIR-Profile/TNM-Klassifikation/TNM-Breast-Cancer-Journey-Example.page.md	input/pagecontent/tnm-breast-cancer-journey.md	reiches Beispiel-Narrativ - eigene Seite (human-reviewed)	4	child of family overview MIIIGModulOnkologie/TechnischeImplementierung/FHIR-Profile/TNM-Klassifikation/Index.page.md (no anchor of its own)
MIIIGModulOnkologie/TechnischeImplementierung/FHIR-Profile/Weitere-Klassifikationen/Index.page.md	RETIRED	Quellseite absichtlich leer / nur Navigation — kein Inhalt (human-reviewed)	5	child of family overview MIIIGModulOnkologie/TechnischeImplementierung/FHIR-Profile/Index.page.md (no anchor of its own)
MIIIGModulOnkologie/TechnischeImplementierung/FHIR-Profile/Weitere-Klassifikationen/Weitere-Klassifikationen-Observation.page.md	input/intro-notes/StructureDefinition-mii-pr-onko-weitere-klassifikationen-intro.md	content about one artefact - its intro note	1	tokens match on mii-pr-onko-weitere-klassifikationen (4 candidate artefacts)
MIIIGModulOnkologie/TechnischeImplementierung/FHIR-Profile/Weitere-Klassifikationen/Weitere-Klassifikationen-Terminologien.page.md	input/pagecontent/weitere-klassifikationen-terminologien.md	Size-Gate-Rerun: eigene Seite (human-reviewed)	4	semantic match 'terminologien' -> code-systems (routing-table)
MIIIGModulOnkologie/TechnischeImplementierung/FHIR-Profile/Operation/Operation-Procedure.page.md	input/intro-notes/StructureDefinition-mii-pr-onko-operation-intro.md	content about one artefact - its intro note (human-reviewed: per subject-frontmatter korrigiert)	1	tokens match on mii-sp-onko-procedure-ext-operation-intention (25 candidate artefacts)
MIIIGModulOnkologie/TechnischeImplementierung/FHIR-Profile/Operation/Extension-Intention.page.md	input/intro-notes/StructureDefinition-mii-ex-onko-operation-intention-intro.md	content about one artefact - its intro note	1	tokens match on mii-ex-onko-operation-intention (11 candidate artefacts)
MIIIGModulOnkologie/TechnischeImplementierung/FHIR-Profile/Operation/Extension-Urgency.page.md	input/intro-notes/StructureDefinition-mii-ex-onko-operation-urgency-intro.md	content about one artefact - its intro note	1	tokens match on mii-ex-onko-operation-urgency (3 candidate artefacts)
MIIIGModulOnkologie/TechnischeImplementierung/FHIR-Profile/Operation/Index.page.md	RETIRED	Quellseite absichtlich leer / nur Navigation — kein Inhalt (human-reviewed)	5	3 children, 3 anchoring distinct artefacts (StructureDefinition)
MIIIGModulOnkologie/TechnischeImplementierung/FHIR-Profile/Strahlentherapie/Index.page.md	RETIRED	Quellseite absichtlich leer / nur Navigation — kein Inhalt (human-reviewed)	5	6 children, 5 anchoring distinct artefacts (SearchParameter)
MIIIGModulOnkologie/TechnischeImplementierung/FHIR-Profile/Strahlentherapie/Strahlentherapie-Procedure.page.md	input/intro-notes/StructureDefinition-mii-pr-onko-strahlentherapie-intro.md	content about one artefact - its intro note (human-reviewed: per subject-frontmatter korrigiert)	1	tokens match on mii-sp-onko-procedure-strahlentherapie-strahlenart (38 candidate artefacts)
MIIIGModulOnkologie/TechnischeImplementierung/FHIR-Profile/Strahlentherapie/Bestrahlungstherapie-Procedure.page.md	input/intro-notes/StructureDefinition-mii-pr-onko-strahlentherapie-bestrahlung-strahlentherapie-intro.md	content about one artefact - its intro note (human-reviewed: per subject-frontmatter korrigiert)	1	tokens match on mii-sp-onko-procedure-ext-operation-intention (9 candidate artefacts)
MIIIGModulOnkologie/TechnischeImplementierung/FHIR-Profile/Strahlentherapie/NuklearmedizinischeTherapie-Procedure.page.md	input/intro-notes/StructureDefinition-mii-pr-onko-strahlentherapie-bestrahlung-nuklearmedizin-intro.md	content about one artefact - its intro note (human-reviewed: per subject-frontmatter korrigiert)	1	tokens match on mii-sp-onko-procedure-ext-operation-intention (9 candidate artefacts)
MIIIGModulOnkologie/TechnischeImplementierung/FHIR-Profile/Strahlentherapie/Extension-Intention.page.md	input/intro-notes/StructureDefinition-mii-ex-onko-strahlentherapie-intention-intro.md	content about one artefact - its intro note (human-reviewed: per subject-frontmatter korrigiert)	1	tokens match on mii-ex-onko-operation-intention (11 candidate artefacts)
MIIIGModulOnkologie/TechnischeImplementierung/FHIR-Profile/Strahlentherapie/Extension-Stellung.page.md	input/intro-notes/StructureDefinition-mii-ex-onko-strahlentherapie-stellungzurop-intro.md	content about one artefact - its intro note (human-reviewed: per subject-frontmatter korrigiert)	1	tokens match on mii-cm-onko-therapie-stellung-sct (1 candidate artefact)
MIIIGModulOnkologie/TechnischeImplementierung/FHIR-Profile/Strahlentherapie/Extension-Bestrahlung.page.md	input/intro-notes/StructureDefinition-mii-ex-onko-strahlentherapie-bestrahlung-intro.md	content about one artefact - its intro note (human-reviewed: Parent-Extension statt Kind)	1	tokens match on mii-ex-onko-strahlentherapie-bestrahlung-boost (6 candidate artefacts)
MIIIGModulOnkologie/TechnischeImplementierung/FHIR-Profile/Systemische-Therapie/Index.page.md	RETIRED	Quellseite absichtlich leer / nur Navigation — kein Inhalt (human-reviewed)	5	child of family overview MIIIGModulOnkologie/TechnischeImplementierung/FHIR-Profile/Index.page.md (no anchor of its own)
MIIIGModulOnkologie/TechnischeImplementierung/FHIR-Profile/Systemische-Therapie/Systemische-Therapie-Procedure.page.md	input/intro-notes/StructureDefinition-mii-pr-onko-systemische-therapie-intro.md	content about one artefact - its intro note	1	tokens match on mii-pr-onko-systemische-therapie (21 candidate artefacts)
MIIIGModulOnkologie/TechnischeImplementierung/FHIR-Profile/Systemische-Therapie/Systemische-Therapie-MedicationStatement.page.md	input/intro-notes/StructureDefinition-mii-pr-onko-systemische-therapie-medikation-intro.md	content about one artefact - its intro note (human-reviewed: per subject-frontmatter korrigiert)	1	tokens match on mii-pr-onko-systemische-therapie (21 candidate artefacts)
MIIIGModulOnkologie/TechnischeImplementierung/FHIR-Profile/Systemische-Therapie/Systemische-Therapie-Terminologien.page.md	input/pagecontent/atc-terminologie.md	Size-Gate-Rerun: >500 Zeilen Merge — eigene Seite (human-reviewed)	4	semantic match 'terminologien' -> code-systems (routing-table)
MIIIGModulOnkologie/TechnischeImplementierung/FHIR-Profile/Nebenwirkung/Index.page.md	RETIRED	Quellseite absichtlich leer / nur Navigation — kein Inhalt (human-reviewed)	5	child of family overview MIIIGModulOnkologie/TechnischeImplementierung/FHIR-Profile/Index.page.md (no anchor of its own)
MIIIGModulOnkologie/TechnischeImplementierung/FHIR-Profile/Nebenwirkung/Nebenwirkung-AdverseEvent.page.md	input/intro-notes/StructureDefinition-mii-pr-onko-nebenwirkung-adverse-event-intro.md	content about one artefact - its intro note	1	compact match on mii-pr-onko-nebenwirkung-adverse-event (8 candidate artefacts)
MIIIGModulOnkologie/TechnischeImplementierung/FHIR-Profile/Residualstatus/Index.page.md	RETIRED	Quellseite absichtlich leer / nur Navigation — kein Inhalt (human-reviewed)	5	child of family overview MIIIGModulOnkologie/TechnischeImplementierung/FHIR-Profile/Index.page.md (no anchor of its own)
MIIIGModulOnkologie/TechnischeImplementierung/FHIR-Profile/Residualstatus/Residualstatus-Observation.page.md	input/intro-notes/StructureDefinition-mii-pr-onko-residualstatus-intro.md	content about one artefact - its intro note	1	tokens match on mii-pr-onko-residualstatus (10 candidate artefacts)
MIIIGModulOnkologie/TechnischeImplementierung/FHIR-Profile/Fernmetastasen-Observation/Index.page.md	RETIRED	Quellseite absichtlich leer / nur Navigation — kein Inhalt (human-reviewed)	5	child of family overview MIIIGModulOnkologie/TechnischeImplementierung/FHIR-Profile/Index.page.md (no anchor of its own)
MIIIGModulOnkologie/TechnischeImplementierung/FHIR-Profile/Fernmetastasen-Observation/Fernmetastasen-Observation.page.md	input/intro-notes/StructureDefinition-mii-pr-onko-fernmetastasen-intro.md	content about one artefact - its intro note	1	tokens match on mii-pr-onko-fernmetastasen (12 candidate artefacts)
MIIIGModulOnkologie/TechnischeImplementierung/FHIR-Profile/Allgemeiner-Leistungszustand/Index.page.md	RETIRED	Quellseite absichtlich leer / nur Navigation — kein Inhalt (human-reviewed)	5	3 children, 3 anchoring distinct artefacts (StructureDefinition)
MIIIGModulOnkologie/TechnischeImplementierung/FHIR-Profile/Allgemeiner-Leistungszustand/Allgemeiner-Leistungszustand-ECOG-Observation.page.md	input/intro-notes/StructureDefinition-mii-pr-onko-allgemeiner-leistungszustand-ecog-intro.md	content about one artefact - its intro note	1	tokens match on mii-pr-onko-allgemeiner-leistungszustand-ecog (11 candidate artefacts)
MIIIGModulOnkologie/TechnischeImplementierung/FHIR-Profile/Allgemeiner-Leistungszustand/Allgemeiner-Leistungszustand-Karnofsky-Observation.page.md	input/intro-notes/StructureDefinition-mii-pr-onko-allgemeiner-leistungszustand-karnofsky-intro.md	content about one artefact - its intro note	1	tokens match on mii-pr-onko-allgemeiner-leistungszustand-karnofsky (11 candidate artefacts)
MIIIGModulOnkologie/TechnischeImplementierung/FHIR-Profile/Allgemeiner-Leistungszustand/ASA-Klassifikation-Observation.page.md	input/intro-notes/StructureDefinition-mii-pr-onko-asa-klassifikation-intro.md	content about one artefact - its intro note	1	tokens match on mii-pr-onko-asa-klassifikation (1 candidate artefact)
MIIIGModulOnkologie/TechnischeImplementierung/FHIR-Profile/Verlauf/Index.page.md	RETIRED	Quellseite absichtlich leer / nur Navigation — kein Inhalt (human-reviewed)	5	child of family overview MIIIGModulOnkologie/TechnischeImplementierung/FHIR-Profile/Index.page.md (no anchor of its own)
MIIIGModulOnkologie/TechnischeImplementierung/FHIR-Profile/Verlauf/Verlauf-Observation.page.md	input/intro-notes/StructureDefinition-mii-pr-onko-verlauf-intro.md	content about one artefact - its intro note	1	tokens match on mii-pr-onko-verlauf (18 candidate artefacts)
MIIIGModulOnkologie/TechnischeImplementierung/FHIR-Profile/Tod/Index.page.md	RETIRED	Quellseite absichtlich leer / nur Navigation — kein Inhalt (human-reviewed)	5	child of family overview MIIIGModulOnkologie/TechnischeImplementierung/FHIR-Profile/Index.page.md (no anchor of its own)
MIIIGModulOnkologie/TechnischeImplementierung/FHIR-Profile/Tod/Tod-Observation.page.md	input/intro-notes/StructureDefinition-mii-pr-onko-tod-intro.md	content about one artefact - its intro note	1	tokens match on mii-pr-onko-tod (9 candidate artefacts)
MIIIGModulOnkologie/TechnischeImplementierung/FHIR-Profile/Tumorkonferenz/Index.page.md	RETIRED	Quellseite absichtlich leer / nur Navigation — kein Inhalt (human-reviewed)	5	5 children, 4 anchoring distinct artefacts (StructureDefinition)
MIIIGModulOnkologie/TechnischeImplementierung/FHIR-Profile/Tumorkonferenz/Tumorkonferenz-CarePlan.page.md	input/intro-notes/StructureDefinition-mii-pr-onko-tumorkonferenz-intro.md	content about one artefact - its intro note	1	tokens match on mii-pr-onko-tumorkonferenz (5 candidate artefacts)
MIIIGModulOnkologie/TechnischeImplementierung/FHIR-Profile/Tumorkonferenz/Therapieempfehlung-Kombinationstherapie-RequestGroup.page.md	input/intro-notes/StructureDefinition-mii-pr-onko-therapieempfehlung-kombinationstherapie-intro.md	content about one artefact - its intro note	1	tokens match on mii-pr-onko-therapieempfehlung-kombinationstherapie (1 candidate artefact)
MIIIGModulOnkologie/TechnischeImplementierung/FHIR-Profile/Tumorkonferenz/Therapieempfehlung-Medikation-MedicationRequest.page.md	input/intro-notes/StructureDefinition-mii-pr-onko-therapieempfehlung-medikation-intro.md	content about one artefact - its intro note	1	tokens match on mii-pr-onko-therapieempfehlung-medikation (1 candidate artefact)
MIIIGModulOnkologie/TechnischeImplementierung/FHIR-Profile/Tumorkonferenz/Therapieempfehlung-Operation-ServiceRequest.page.md	input/intro-notes/StructureDefinition-mii-pr-onko-therapieempfehlung-operation-intro.md	content about one artefact - its intro note	1	tokens match on mii-pr-onko-therapieempfehlung-operation (1 candidate artefact)
MIIIGModulOnkologie/TechnischeImplementierung/FHIR-Profile/Tumorkonferenz/Tumorkonferenz-Detailed-Recommendations-CarePlan.page.md	input/intro-notes/StructureDefinition-mii-pr-onko-therapieempfehlung-kombinationstherapie-intro.md	content about one artefact - its intro note (human-reviewed: Reklassifizierung aus B2)	1	child of family overview MIIIGModulOnkologie/TechnischeImplementierung/FHIR-Profile/Tumorkonferenz/Index.page.md (no anchor of its own)
MIIIGModulOnkologie/TechnischeImplementierung/FHIR-Profile/Genetische-Variante/Index.page.md	RETIRED	Quellseite absichtlich leer / nur Navigation — kein Inhalt (human-reviewed)	5	child of family overview MIIIGModulOnkologie/TechnischeImplementierung/FHIR-Profile/Index.page.md (no anchor of its own)
MIIIGModulOnkologie/TechnischeImplementierung/FHIR-Profile/Genetische-Variante/Genetische-Variante-Observation.page.md	input/intro-notes/StructureDefinition-mii-pr-onko-genetische-variante-intro.md	content about one artefact - its intro note	1	tokens match on mii-pr-onko-genetische-variante (4 candidate artefacts)
MIIIGModulOnkologie/TechnischeImplementierung/FHIR-Profile/Genetische-Variante/MolGen-Abbildung-Variantentypen.page.md	input/pagecontent/molgen-variantentypen.md	subsection of the family overview MIIIGModulOnkologie/TechnischeImplementierung/FHIR-Profile/Genetische-Variante/Index.page.md (human-reviewed: Ziel korrigiert)	4	child of family overview MIIIGModulOnkologie/TechnischeImplementierung/FHIR-Profile/Genetische-Variante/Index.page.md (no anchor of its own)
MIIIGModulOnkologie/TechnischeImplementierung/FHIR-Profile/Studienteilnahme/Studienteilnahme-Observation.page.md	input/intro-notes/StructureDefinition-mii-pr-onko-studienteilnahme-intro.md	content about one artefact - its intro note	1	tokens match on mii-pr-onko-studienteilnahme (9 candidate artefacts)
MIIIGModulOnkologie/TechnischeImplementierung/FHIR-Profile/Organspezifische-Module/Index.page.md	input/pagecontent/profiles.md	subsection of the family overview MIIIGModulOnkologie/TechnischeImplementierung/FHIR-Profile/Index.page.md (human-reviewed: Ziel korrigiert)	2	child of family overview MIIIGModulOnkologie/TechnischeImplementierung/FHIR-Profile/Index.page.md (no anchor of its own)
MIIIGModulOnkologie/TechnischeImplementierung/FHIR-Profile/Organspezifische-Module/Mamma/Index.page.md	input/pagecontent/profiles.md	family overview - h3/h4 section on an artefact index page	2	7 children, 6 anchoring distinct artefacts (StructureDefinition)
MIIIGModulOnkologie/TechnischeImplementierung/FHIR-Profile/Organspezifische-Module/Mamma/Mamma-Menopause-Status-Observation.page.md	input/intro-notes/StructureDefinition-mii-pr-onko-mamma-menopause-status-intro.md	content about one artefact - its intro note	1	tokens match on mii-pr-onko-mamma-menopause-status (7 candidate artefacts)
MIIIGModulOnkologie/TechnischeImplementierung/FHIR-Profile/Organspezifische-Module/Mamma/Mamma-Estrogen-Rezeptorstatus-Observation.page.md	input/intro-notes/StructureDefinition-mii-pr-onko-mamma-rezeptorstatus-estrogen-intro.md	content about one artefact - its intro note	1	tokens match on mii-pr-onko-mamma-rezeptorstatus-estrogen (5 candidate artefacts)
MIIIGModulOnkologie/TechnischeImplementierung/FHIR-Profile/Organspezifische-Module/Mamma/Mamma-Progesteron-Rezeptorstatus-Observation.page.md	input/intro-notes/StructureDefinition-mii-pr-onko-mamma-rezeptorstatus-progesteron-intro.md	content about one artefact - its intro note	1	tokens match on mii-pr-onko-mamma-rezeptorstatus-progesteron (5 candidate artefacts)
MIIIGModulOnkologie/TechnischeImplementierung/FHIR-Profile/Organspezifische-Module/Mamma/Mamma-Her2neu-Status-Observation.page.md	input/intro-notes/StructureDefinition-mii-pr-onko-mamma-her2neu-status-intro.md	content about one artefact - its intro note	1	tokens match on mii-pr-onko-mamma-her2neu-status (8 candidate artefacts)
MIIIGModulOnkologie/TechnischeImplementierung/FHIR-Profile/Organspezifische-Module/Mamma/Mamma-Praeoperative-Markierung-Procedure.page.md	input/intro-notes/StructureDefinition-mii-pr-onko-mamma-praeoperative-markierung-intro.md	content about one artefact - its intro note	1	tokens match on mii-pr-onko-mamma-praeoperative-markierung (2 candidate artefacts)
MIIIGModulOnkologie/TechnischeImplementierung/FHIR-Profile/Organspezifische-Module/Mamma/Mamma-Operation-Procedure.page.md	input/intro-notes/StructureDefinition-mii-pr-onko-mamma-operation-intro.md	content about one artefact - its intro note	1	tokens match on mii-pr-onko-mamma-operation (4 candidate artefacts)
MIIIGModulOnkologie/TechnischeImplementierung/FHIR-Profile/Organspezifische-Module/Mamma/Mamma-Bundle-Example.page.md	input/intro-notes/Bundle-mii-exa-onko-mamma-example-bundle-1-intro.md	content about one artefact - its intro note (human-reviewed: Reklassifizierung aus B2)	1	child of family overview MIIIGModulOnkologie/TechnischeImplementierung/FHIR-Profile/Organspezifische-Module/Mamma/Index.page.md (no anchor of its own)
MIIIGModulOnkologie/TechnischeImplementierung/FHIR-Profile/Organspezifische-Module/Prostata/Index.page.md	input/pagecontent/profiles.md	family overview - Abschnitt auf profiles (human-reviewed)	2	7 children, 6 anchoring distinct artefacts (ValueSet)
MIIIGModulOnkologie/TechnischeImplementierung/FHIR-Profile/Organspezifische-Module/Prostata/Prostata-PSA-Observation.page.md	input/intro-notes/StructureDefinition-mii-pr-onko-prostate-psa-intro.md	content about one artefact - its intro note (human-reviewed: per subject-frontmatter korrigiert)	1	tokens match on mii-vs-onko-prostata-psa-loinc (1 candidate artefact)
MIIIGModulOnkologie/TechnischeImplementierung/FHIR-Profile/Organspezifische-Module/Prostata/Prostata-Gleason-Patterns-Observation.page.md	input/intro-notes/StructureDefinition-mii-pr-onko-prostate-gleason-patterns-intro.md	content about one artefact - its intro note (human-reviewed: per subject-frontmatter korrigiert)	1	tokens match on mii-vs-onko-prostata-gleason-patterns (5 candidate artefacts)
MIIIGModulOnkologie/TechnischeImplementierung/FHIR-Profile/Organspezifische-Module/Prostata/Prostata-Gleason-Score-Grade-Group-Observation.page.md	input/intro-notes/StructureDefinition-mii-pr-onko-prostate-gleason-grade-group-intro.md	content about one artefact - its intro note	1	tokens match on mii-pr-onko-prostate-gleason-grade-group (3 candidate artefacts)
MIIIGModulOnkologie/TechnischeImplementierung/FHIR-Profile/Organspezifische-Module/Prostata/Prostata-Anzahl-Stanzen-Observation.page.md	input/intro-notes/StructureDefinition-mii-pr-onko-prostate-anzahl-stanzen-intro.md	content about one artefact - its intro note	1	tokens match on mii-pr-onko-prostate-anzahl-stanzen (2 candidate artefacts)
MIIIGModulOnkologie/TechnischeImplementierung/FHIR-Profile/Organspezifische-Module/Prostata/Prostata-Anzahl-Positive-Stanzen-Observation.page.md	input/intro-notes/StructureDefinition-mii-pr-onko-prostate-anzahl-positive-stanzen-intro.md	content about one artefact - its intro note	1	tokens match on mii-pr-onko-prostate-anzahl-positive-stanzen (1 candidate artefact)
MIIIGModulOnkologie/TechnischeImplementierung/FHIR-Profile/Organspezifische-Module/Prostata/Prostata-Karzinom-Befall-Stanze-Observation.page.md	input/intro-notes/StructureDefinition-mii-pr-onko-prostate-ca-befall-stanze-intro.md	content about one artefact - its intro note (human-reviewed)	1	child of family overview MIIIGModulOnkologie/TechnischeImplementierung/FHIR-Profile/Organspezifische-Module/Prostata/Index.page.md (no anchor of its own)
MIIIGModulOnkologie/TechnischeImplementierung/FHIR-Profile/Organspezifische-Module/Prostata/Prostata-Clavien-Dindo-Observation.page.md	input/intro-notes/StructureDefinition-mii-pr-onko-prostate-clavien-dindo-intro.md	content about one artefact - its intro note (human-reviewed: per subject-frontmatter korrigiert)	1	tokens match on mii-vs-onko-prostata-clavien-dindo (2 candidate artefacts)
MIIIGModulOnkologie/TechnischeImplementierung/FHIR-Profile/Organspezifische-Module/KolorektalesKarzinom/KRK-Abstand-Tumor-Anokutanlinie-Observation.page.md	input/intro-notes/StructureDefinition-mii-pr-onko-krk-abstand-anokutan-intro.md	content about one artefact - its intro note (human-reviewed: Reklassifizierung aus B2)	1	child of family overview MIIIGModulOnkologie/TechnischeImplementierung/FHIR-Profile/Organspezifische-Module/KolorektalesKarzinom/Index.page.md (no anchor of its own)
MIIIGModulOnkologie/TechnischeImplementierung/FHIR-Profile/Organspezifische-Module/KolorektalesKarzinom/KRK-Abstand-Circumferelle-Resektionsebene-Observation.page.md	input/intro-notes/StructureDefinition-mii-pr-onko-krk-abstand-circumferelle-resektionsebene-intro.md	content about one artefact - its intro note	1	tokens match on mii-pr-onko-krk-abstand-circumferelle-resektionsebene (2 candidate artefacts)
MIIIGModulOnkologie/TechnischeImplementierung/FHIR-Profile/Organspezifische-Module/KolorektalesKarzinom/KRK-Abstand-Resektionsrand-Aboral-Observation.page.md	input/intro-notes/StructureDefinition-mii-pr-onko-krk-abstand-aboral-intro.md	content about one artefact - its intro note	1	tokens match on mii-pr-onko-krk-abstand-aboral (3 candidate artefacts)
MIIIGModulOnkologie/TechnischeImplementierung/FHIR-Profile/Organspezifische-Module/KolorektalesKarzinom/KRK-MRT-Mesorektale-Faszie-Observation.page.md	input/intro-notes/StructureDefinition-mii-pr-onko-krk-mrt-mesorektale-faszie-intro.md	content about one artefact - its intro note	1	tokens match on mii-pr-onko-krk-mrt-mesorektale-faszie (3 candidate artefacts)
MIIIGModulOnkologie/TechnischeImplementierung/FHIR-Profile/Organspezifische-Module/KolorektalesKarzinom/KRK-Anastomoseninsuffizienz-Observation.page.md	input/intro-notes/StructureDefinition-mii-pr-onko-krk-anastomoseninsuffizienz-intro.md	content about one artefact - its intro note	1	tokens match on mii-pr-onko-krk-anastomoseninsuffizienz (3 candidate artefacts)
MIIIGModulOnkologie/TechnischeImplementierung/FHIR-Profile/Organspezifische-Module/KolorektalesKarzinom/KRK-Operation-Procedure.page.md	input/intro-notes/StructureDefinition-mii-pr-onko-krk-operation-intro.md	content about one artefact - its intro note	1	tokens match on mii-pr-onko-krk-operation (2 candidate artefacts)
MIIIGModulOnkologie/TechnischeImplementierung/FHIR-Profile/Organspezifische-Module/KolorektalesKarzinom/KRK-Specimen.page.md	input/intro-notes/StructureDefinition-mii-pr-onko-krk-specimen-intro.md	content about one artefact - its intro note	1	compact match on mii-pr-onko-krk-specimen (22 candidate artefacts)
MIIIGModulOnkologie/TechnischeImplementierung/FHIR-Profile/Organspezifische-Module/KolorektalesKarzinom/KRK-Stoma-Markierung-Procedure.page.md	input/intro-notes/StructureDefinition-mii-pr-onko-krk-stoma-markierung-intro.md	content about one artefact - its intro note	1	tokens match on mii-pr-onko-krk-stoma-markierung (5 candidate artefacts)
MIIIGModulOnkologie/TechnischeImplementierung/FHIR-Profile/Organspezifische-Module/KolorektalesKarzinom/KRK-Bundle-Example.page.md	input/intro-notes/Bundle-mii-exa-onko-krk-bundle-intro.md	content about one artefact - its intro note (human-reviewed: Reklassifizierung aus B2)	1	child of family overview MIIIGModulOnkologie/TechnischeImplementierung/FHIR-Profile/Organspezifische-Module/KolorektalesKarzinom/Index.page.md (no anchor of its own)
MIIIGModulOnkologie/TechnischeImplementierung/FHIR-Profile/Organspezifische-Module/KolorektalesKarzinom/Index.page.md	input/pagecontent/profiles.md	family overview - h3/h4 section on an artefact index page	2	9 children, 7 anchoring distinct artefacts (StructureDefinition)
MIIIGModulOnkologie/TechnischeImplementierung/FHIR-Profile/Organspezifische-Module/MalignesMelanom/Index.page.md	input/pagecontent/profiles.md	family overview - h3/h4 section on an artefact index page	2	5 children, 4 anchoring distinct artefacts (StructureDefinition)
MIIIGModulOnkologie/TechnischeImplementierung/FHIR-Profile/Organspezifische-Module/MalignesMelanom/Melanom-Breslow-Tiefe-Observation.page.md	input/intro-notes/StructureDefinition-mii-pr-onko-melanom-breslow-tiefe-intro.md	content about one artefact - its intro note	1	tokens match on mii-pr-onko-melanom-breslow-tiefe (1 candidate artefact)
MIIIGModulOnkologie/TechnischeImplementierung/FHIR-Profile/Organspezifische-Module/MalignesMelanom/Melanom-Sicherheitsabstand-Observation.page.md	input/intro-notes/StructureDefinition-mii-pr-onko-melanom-sicherheitsabstand-intro.md	content about one artefact - its intro note	1	tokens match on mii-pr-onko-melanom-sicherheitsabstand (1 candidate artefact)
MIIIGModulOnkologie/TechnischeImplementierung/FHIR-Profile/Organspezifische-Module/MalignesMelanom/Melanom-Ulzeration-Observation.page.md	input/intro-notes/StructureDefinition-mii-pr-onko-melanom-ulzeration-intro.md	content about one artefact - its intro note	1	tokens match on mii-pr-onko-melanom-ulzeration (3 candidate artefacts)
MIIIGModulOnkologie/TechnischeImplementierung/FHIR-Profile/Organspezifische-Module/MalignesMelanom/Melanom-LDH-Observation.page.md	input/intro-notes/StructureDefinition-mii-pr-onko-melanom-ldh-intro.md	content about one artefact - its intro note	1	tokens match on mii-pr-onko-melanom-ldh (2 candidate artefacts)
MIIIGModulOnkologie/TechnischeImplementierung/FHIR-Profile/Organspezifische-Module/MalignesMelanom/Melanom-Bundle-Example.page.md	input/intro-notes/Bundle-mii-exa-onko-melanom-bundle-intro.md	content about one artefact - its intro note (human-reviewed: Reklassifizierung aus B2)	1	child of family overview MIIIGModulOnkologie/TechnischeImplementierung/FHIR-Profile/Organspezifische-Module/MalignesMelanom/Index.page.md (no anchor of its own)
MIIIGModulOnkologie/TechnischeImplementierung/oBDS-SNOMED-CT-Mapping/Index.page.md	input/pagecontent/implementer-guidance.md	Kapitel-Narrativ (Mapping-Methodik) - Abschnitt auf implementer-guidance (human-reviewed)	3	27 children, 25 anchoring distinct artefacts (ValueSet)
MIIIGModulOnkologie/TechnischeImplementierung/oBDS-SNOMED-CT-Mapping/Lokalisation-Fernmetastasen.page.md	input/intro-notes/ConceptMap-mii-cm-onko-fernmetastasen-sct-intro.md	content about one artefact - its intro note (human-reviewed: dominante Artefakt-ID im Seitentext)	1	tokens match on mii-pr-onko-fernmetastasen (7 candidate artefacts)
MIIIGModulOnkologie/TechnischeImplementierung/oBDS-SNOMED-CT-Mapping/Intention.page.md	input/intro-notes/ConceptMap-mii-cm-onko-intention-sct-intro.md	content about one artefact - its intro note (human-reviewed: dominante Artefakt-ID im Seitentext)	1	compact match on mii-ex-onko-operation-intention (11 candidate artefacts)
MIIIGModulOnkologie/TechnischeImplementierung/oBDS-SNOMED-CT-Mapping/Seitenlokalisation.page.md	input/intro-notes/ConceptMap-mii-cm-onko-seitenlokalisation-sct-intro.md	content about one artefact - its intro note (human-reviewed: dominante Artefakt-ID im Seitentext)	1	compact match on mii-ex-onko-strahlentherapie-bestrahlung-seitenlokalisation (4 candidate artefacts)
MIIIGModulOnkologie/TechnischeImplementierung/oBDS-SNOMED-CT-Mapping/Therapie-Ende-Grund.page.md	input/intro-notes/ConceptMap-mii-cm-onko-therapie-ende-sct-intro.md	content about one artefact - its intro note (human-reviewed: dominante Artefakt-ID im Seitentext)	1	compact match on mii-vs-onko-systemische-therapie-ende-grund (4 candidate artefacts)
MIIIGModulOnkologie/TechnischeImplementierung/oBDS-SNOMED-CT-Mapping/Therapie-Stellung.page.md	input/intro-notes/ConceptMap-mii-cm-onko-therapie-stellung-sct-intro.md	content about one artefact - its intro note	1	compact match on mii-cm-onko-therapie-stellung-sct (31 candidate artefacts)
MIIIGModulOnkologie/TechnischeImplementierung/oBDS-SNOMED-CT-Mapping/Therapietyp.page.md	input/intro-notes/ConceptMap-mii-cm-onko-therapie-typ-sct-intro.md	content about one artefact - its intro note (human-reviewed: dominante Artefakt-ID im Seitentext)	1	compact match on mii-cs-onko-therapie-typ (2 candidate artefacts)
MIIIGModulOnkologie/TechnischeImplementierung/oBDS-SNOMED-CT-Mapping/Primaertumor-Diagnosesicherung.page.md	input/intro-notes/ConceptMap-mii-cm-onko-primaertumor-diagnosesicherung-sct-intro.md	content about one artefact - its intro note (human-reviewed: dominante Artefakt-ID im Seitentext)	1	compact match on mii-vs-onko-primaertumor-diagnosesicherung (8 candidate artefacts)
MIIIGModulOnkologie/TechnischeImplementierung/oBDS-SNOMED-CT-Mapping/Grading.page.md	input/intro-notes/ConceptMap-mii-cm-onko-grading-sct-intro.md	content about one artefact - its intro note (human-reviewed: dominante Artefakt-ID im Seitentext)	1	compact match on mii-pr-onko-grading (4 candidate artefacts)
MIIIGModulOnkologie/TechnischeImplementierung/oBDS-SNOMED-CT-Mapping/TNM-klinisch.page.md	input/intro-notes/ConceptMap-mii-cm-onko-tnm-uicc-sct-clinical-intro.md	content about one artefact - its intro note (human-reviewed: dominante Artefakt-ID im Seitentext)	1	tokens match on mii-pr-onko-tnm-a-symbol (50 candidate artefacts)
MIIIGModulOnkologie/TechnischeImplementierung/oBDS-SNOMED-CT-Mapping/TNM-pathologisch.page.md	input/intro-notes/ConceptMap-mii-cm-onko-tnm-uicc-sct-pathological-intro.md	content about one artefact - its intro note (human-reviewed: dominante Artefakt-ID im Seitentext)	1	tokens match on mii-pr-onko-tnm-a-symbol (50 candidate artefacts)
MIIIGModulOnkologie/TechnischeImplementierung/oBDS-SNOMED-CT-Mapping/Allgemeiner-Leistungszustand.page.md	input/intro-notes/ConceptMap-mii-cm-onko-allgemeiner-leistungszustand-sct-intro.md	content about one artefact - its intro note (human-reviewed: dominante Artefakt-ID im Seitentext)	1	compact match on mii-pr-onko-allgemeiner-leistungszustand-ecog (11 candidate artefacts)
MIIIGModulOnkologie/TechnischeImplementierung/oBDS-SNOMED-CT-Mapping/Operationskomplikation.page.md	input/intro-notes/ConceptMap-mii-cm-onko-operation-komplikation-sct-intro.md	content about one artefact - its intro note (human-reviewed)	1	child of family overview MIIIGModulOnkologie/TechnischeImplementierung/oBDS-SNOMED-CT-Mapping/Index.page.md (no anchor of its own)
MIIIGModulOnkologie/TechnischeImplementierung/oBDS-SNOMED-CT-Mapping/Strahlentherapie-Strahleneinheit.page.md	input/intro-notes/ConceptMap-mii-cm-onko-strahlentherapie-strahleneinheit-sct-intro.md	content about one artefact - its intro note	1	compact match on mii-cm-onko-strahlentherapie-strahleneinheit-sct (36 candidate artefacts)
MIIIGModulOnkologie/TechnischeImplementierung/oBDS-SNOMED-CT-Mapping/Strahlentherapie-Applikationsart.page.md	input/intro-notes/ConceptMap-mii-cm-onko-strahlentherapie-applikationsart-sct-intro.md	content about one artefact - its intro note (human-reviewed: dominante Artefakt-ID im Seitentext)	1	compact match on mii-vs-onko-strahlentherapie-applikationsart (36 candidate artefacts)
MIIIGModulOnkologie/TechnischeImplementierung/oBDS-SNOMED-CT-Mapping/Strahlentherapie-Boost.page.md	input/intro-notes/ConceptMap-mii-cm-onko-strahlentherapie-boost-sct-intro.md	content about one artefact - its intro note (human-reviewed: dominante Artefakt-ID im Seitentext)	1	compact match on mii-vs-onko-strahlentherapie-boost (36 candidate artefacts)
MIIIGModulOnkologie/TechnischeImplementierung/oBDS-SNOMED-CT-Mapping/Strahlentherapie-Strahlenart.page.md	input/intro-notes/ConceptMap-mii-cm-onko-strahlentherapie-strahlenart-sct-intro.md	content about one artefact - its intro note (human-reviewed: dominante Artefakt-ID im Seitentext)	1	compact match on mii-vs-onko-strahlentherapie-strahlenart (36 candidate artefacts)
MIIIGModulOnkologie/TechnischeImplementierung/oBDS-SNOMED-CT-Mapping/Strahlentherapie-Zielgebiet.page.md	input/intro-notes/ConceptMap-mii-cm-onko-strahlentherapie-zielgebiet-sct-intro.md	content about one artefact - its intro note (human-reviewed: dominante Artefakt-ID im Seitentext)	1	compact match on mii-vs-onko-strahlentherapie-zielgebiet (36 candidate artefacts)
MIIIGModulOnkologie/TechnischeImplementierung/oBDS-SNOMED-CT-Mapping/Nebenwirkung.page.md	input/intro-notes/ConceptMap-mii-cm-onko-nebenwirkung-sct-intro.md	content about one artefact - its intro note (human-reviewed: dominante Artefakt-ID im Seitentext)	1	compact match on mii-pr-onko-nebenwirkung-adverse-event (8 candidate artefacts)
MIIIGModulOnkologie/TechnischeImplementierung/oBDS-SNOMED-CT-Mapping/Verlauf-Fernmetastasen.page.md	input/intro-notes/ConceptMap-mii-cm-onko-verlauf-fernmetastasen-sct-intro.md	content about one artefact - its intro note (human-reviewed: dominante Artefakt-ID im Seitentext)	1	compact match on mii-vs-onko-verlauf-fernmetastasen (17 candidate artefacts)
MIIIGModulOnkologie/TechnischeImplementierung/oBDS-SNOMED-CT-Mapping/Verlauf-Gesamtbeurteilung.page.md	input/intro-notes/ConceptMap-mii-cm-onko-verlauf-gesamtbeurteilung-sct-intro.md	content about one artefact - its intro note (human-reviewed: dominante Artefakt-ID im Seitentext)	1	compact match on mii-vs-onko-verlauf-gesamtbeurteilung (14 candidate artefacts)
MIIIGModulOnkologie/TechnischeImplementierung/oBDS-SNOMED-CT-Mapping/Verlauf-Lymphknoten.page.md	input/intro-notes/ConceptMap-mii-cm-onko-verlauf-lymphknoten-sct-intro.md	content about one artefact - its intro note (human-reviewed: dominante Artefakt-ID im Seitentext)	1	compact match on mii-vs-onko-verlauf-lymphknoten (17 candidate artefacts)
MIIIGModulOnkologie/TechnischeImplementierung/oBDS-SNOMED-CT-Mapping/Verlauf-Primaertumor.page.md	input/intro-notes/ConceptMap-mii-cm-onko-verlauf-primaertumor-sct-intro.md	content about one artefact - its intro note (human-reviewed: dominante Artefakt-ID im Seitentext)	1	compact match on mii-vs-onko-verlauf-primaertumor (18 candidate artefacts)
MIIIGModulOnkologie/TechnischeImplementierung/oBDS-SNOMED-CT-Mapping/Therapieabweichung.page.md	input/intro-notes/ConceptMap-mii-cm-onko-therapieabweichung-sct-intro.md	content about one artefact - its intro note (human-reviewed: dominante Artefakt-ID im Seitentext)	1	compact match on mii-vs-onko-therapieabweichung (3 candidate artefacts)
MIIIGModulOnkologie/TechnischeImplementierung/oBDS-SNOMED-CT-Mapping/Therapieplanung.page.md	input/intro-notes/ConceptMap-mii-cm-onko-therapieplanung-sct-intro.md	content about one artefact - its intro note (human-reviewed: dominante Artefakt-ID im Seitentext)	1	compact match on mii-vs-onko-therapieplanung-typ (3 candidate artefacts)
MIIIGModulOnkologie/TechnischeImplementierung/oBDS-SNOMED-CT-Mapping/Tod.page.md	input/intro-notes/ConceptMap-mii-cm-onko-tod-sct-intro.md	content about one artefact - its intro note (human-reviewed: dominante Artefakt-ID im Seitentext)	1	tokens match on mii-pr-onko-tod (4 candidate artefacts)
MIIIGModulOnkologie/TechnischeImplementierung/oBDS-SNOMED-CT-Mapping/Genetische-Variante-Auspraegung.page.md	input/intro-notes/ConceptMap-mii-cm-onko-genetische-variante-auspraegung-sct-intro.md	content about one artefact - its intro note (human-reviewed: dominante Artefakt-ID im Seitentext)	1	compact match on mii-vs-onko-genetische-variante-auspraegung (4 candidate artefacts)
MIIIGModulOnkologie/TechnischeImplementierung/oBDS-SNOMED-CT-Mapping/Studienteilnahme.page.md	input/intro-notes/ConceptMap-mii-cm-onko-studienteilnahme-sct-intro.md	content about one artefact - its intro note (human-reviewed: dominante Artefakt-ID im Seitentext)	1	compact match on mii-pr-onko-studienteilnahme (4 candidate artefacts)
index.md	input/pagecontent/index.md	an agreed page already owns the concern	3	agreed page named 'index' exists in the target
ImplementationGuide-2025.x-DE/**	RETIRED	historical version tree - retain unchanged, Gate-D retirement set (5.1a #3)	5	dir version 2025.x, guide.yaml version 2025.1.0, lang DE, 105 page file(s); authoritative: ImplementationGuide-2027.x-DE
ImplementationGuide-2025.x-EN/**	RETIRED	parallel-language tree - harvest seed for the translation skill, not a machine translation (5.1a #2); STALE (2025.x vs 2027.x) - every harvested page needs a per-page `TODO:REVIEW` naming both versions	5	dir version 2025.x, guide.yaml version 2025.0.0, lang EN, 102 page file(s); authoritative: ImplementationGuide-2027.x-DE
ImplementationGuide-2026.x-DE/**	RETIRED	historical version tree - retain unchanged, Gate-D retirement set (5.1a #3)	5	dir version 2026.x, guide.yaml version 2026.0.3, lang DE, 149 page file(s); authoritative: ImplementationGuide-2027.x-DE
