URL,Version,Status,OIDs,Name,Title,Description,Uses,Used,Sources
http://fhir.de/ValueSet/bfarm/icd-10-gm,1.5.4,active,,ICD10GMVS,ICD10GM ValueSet,"ICD-10-GM","StructureDefinition/mii-pr-onko-operation,StructureDefinition/mii-pr-onko-mamma-operation,StructureDefinition/mii-pr-onko-prostata-operation,StructureDefinition/mii-pr-onko-mamma-sozialdienst,StructureDefinition/mii-pr-onko-melanom-exzision,StructureDefinition/mii-pr-onko-krk-operation","de.basisprofil.r4"
http://hl7.org/fhir/ValueSet/condition-clinical,4.0.1,draft,"2.16.840.1.113883.4.642.3.164",ConditionClinicalStatusCodes,Condition Clinical Status Codes,"Preferred value set for Condition Clinical Status.","StructureDefinition/mii-pr-onko-diagnose-primaertumor,StructureDefinition/mii-pr-onko-fruehere-tumorerkrankung","THO"
http://hl7.org/fhir/ValueSet/condition-ver-status,4.0.1,draft,"2.16.840.1.113883.4.642.3.166",ConditionVerificationStatus,ConditionVerificationStatus,"The verification status to support or decline the clinical status of the condition or diagnosis.","StructureDefinition/mii-pr-onko-diagnose-primaertumor,StructureDefinition/mii-pr-onko-fruehere-tumorerkrankung","THO"
http://loinc.org/vs/LL4986-7,null,active,,LOINCAnswersLL4986-7,LOINC Answer Codes for LL4986-7,"","ConceptMap/mii-cm-onko-allgemeiner-leistungszustand-karnofsky-loinc","LOINC"
http://loinc.org/vs/LL529-9,null,active,,LOINCAnswersLL529-9,LOINC Answer Codes for LL529-9,"","ConceptMap/mii-cm-onko-allgemeiner-leistungszustand-ecog-loinc","LOINC"
https://www.medizininformatik-initiative.de/fhir/core/modul-diagnose/ValueSet/mii-vs-diagnose-icd10gm,2026.0.0,active,,MII_VS_Diagnose_ICD10GM,MII VS Diagnose ICD-10-GM,"Enthaelt ICD-10-GM-Codes der Versionen 2009 bis 2025","StructureDefinition/mii-pr-onko-diagnose-primaertumor,StructureDefinition/mii-pr-onko-tod","de.basisprofil.r4"
https://www.medizininformatik-initiative.de/fhir/ext/modul-onko/ValueSet/mii-vs-onko-allgemeiner-leistungszustand-ecog,2026.0.3,active,,MII_VS_Onko_Allgemeiner_Leistungszustand_ECOG,MII VS Onkologie Allgemeiner Leistungszustand nach ECOG,"Value Set für oBDS-Codes für den Allgemeinen Leistungszustand nach ECOG","StructureDefinition/mii-pr-onko-allgemeiner-leistungszustand-ecog,ConceptMap/mii-cm-onko-allgemeiner-leistungszustand-ecog-loinc","Internal"
https://www.medizininformatik-initiative.de/fhir/ext/modul-onko/ValueSet/mii-vs-onko-allgemeiner-leistungszustand-ecog-loinc,2026.0.3,active,,MII_VS_Onko_Allgemeiner_Leistungszustand_ECOG_LOINC,MII VS Onkologie Allgemeiner Leistungszustand ECOG LOINC,"LOINC-Answer-Codes für den ECOG Performance Status. Enumerierte Fassung der LOINC-Answer-List LL529-9.","StructureDefinition/mii-pr-onko-allgemeiner-leistungszustand-ecog","LOINC"
https://www.medizininformatik-initiative.de/fhir/ext/modul-onko/ValueSet/mii-vs-onko-allgemeiner-leistungszustand-karnofsky,2026.0.3,active,,MII_VS_Onko_Allgemeiner_Leistungszustand_Karnofsky,MII VS Onkologie Allgemeiner Leistungszustand nach Karnofsky,"Value Set für oBDS-Codes für den Allgemeinen Leistungszustand nach Karnofsky","ConceptMap/mii-cm-onko-allgemeiner-leistungszustand-karnofsky-loinc,StructureDefinition/mii-pr-onko-allgemeiner-leistungszustand-karnofsky","Internal"
https://www.medizininformatik-initiative.de/fhir/ext/modul-onko/ValueSet/mii-vs-onko-allgemeiner-leistungszustand-karnofsky-loinc,2026.0.3,active,,MII_VS_Onko_Allgemeiner_Leistungszustand_Karnofsky_LOINC,MII VS Onkologie Allgemeiner Leistungszustand Karnofsky LOINC,"LOINC-Answer-Codes für den Karnofsky Performance Status. Enumerierte Fassung der LOINC-Answer-List LL4986-7.","StructureDefinition/mii-pr-onko-allgemeiner-leistungszustand-karnofsky","LOINC"
https://www.medizininformatik-initiative.de/fhir/ext/modul-onko/ValueSet/mii-vs-onko-asa-loinc,2026.0.3,active,,MII_VS_Onko_ASA_LOINC,MII VS Onkologie ASA LOINC,"Value Set für LOINC ASA Physical Status Classification (generalisiert für alle onkologischen Indikationen)","ConceptMap/mii-cm-onko-asa-obds-loinc","LOINC"
https://www.medizininformatik-initiative.de/fhir/ext/modul-onko/ValueSet/mii-vs-onko-asa-obds,2026.0.3,active,,MII_VS_Onko_ASA_oBDS,MII VS Onkologie ASA oBDS,"Value Set für oBDS ASA-Klassifikation (ursprünglich KR9 aus Kolorektales Karzinom Modul, generalisiert für alle onkologischen Indikationen)","ConceptMap/mii-cm-onko-asa-obds-loinc,StructureDefinition/mii-pr-onko-asa-klassifikation","Internal"
https://www.medizininformatik-initiative.de/fhir/ext/modul-onko/ValueSet/mii-vs-onko-beurteilung-lokaler-residualstatus,2026.0.3,active,,MII_VS_Onko_Beurteilung_Lokaler_Residualstatus,MII VS Onkologie Beurteilung des lokalen Residualstatus,"Value Set für oBDS-Codes für die Beurteilung des lokalen Residualstatus","StructureDefinition/mii-pr-onko-operation,StructureDefinition/mii-pr-onko-mamma-operation,StructureDefinition/mii-pr-onko-prostata-operation,StructureDefinition/mii-pr-onko-mamma-sozialdienst,StructureDefinition/mii-pr-onko-melanom-exzision,StructureDefinition/mii-pr-onko-krk-operation","Internal"
https://www.medizininformatik-initiative.de/fhir/ext/modul-onko/ValueSet/mii-vs-onko-fernmetastasen,2026.0.3,active,,MII_VS_Onko_Fernmetastasen,MII VS Onkologie Fernmetastasen,"Value Set für oBDS-Codes für Fernmetastasen","StructureDefinition/mii-pr-onko-fernmetastasen","Internal"
https://www.medizininformatik-initiative.de/fhir/ext/modul-onko/ValueSet/mii-vs-onko-genetische-variante-auspraegung,2026.0.3,active,,MII_VS_Onko_Genetische_Variante_Auspraegung,MII_VS Onkologie Genetische Variante Ausprägung,"Value Set für oBDS-Codes für Ausprägung der Genetischen Variante","StructureDefinition/mii-pr-onko-genetische-variante","Internal"
https://www.medizininformatik-initiative.de/fhir/ext/modul-onko/ValueSet/mii-vs-onko-gesamtbeurteilung-residualstatus,2026.0.3,active,,MII_VS_Onko_Gesamtbeurteilung_Residualstatus,MII VS Onkologie Gesamtbeurteilung des Residualstatus,"Value Set für oBDS-Codes für die Gesamtbeurteilung des Residualstatus","StructureDefinition/mii-pr-onko-residualstatus","Internal"
https://www.medizininformatik-initiative.de/fhir/ext/modul-onko/ValueSet/mii-vs-onko-grading,2026.0.3,active,,MII_VS_Onko_Grading,MII VS Onkologie Grading,"Codes für Histologie Grading. Gibt den Differenzierungsgrad des Tumors entsprechend der aktuellen TNM-Auflage an.","StructureDefinition/mii-pr-onko-grading","Internal"
https://www.medizininformatik-initiative.de/fhir/ext/modul-onko/ValueSet/mii-vs-onko-icd10-meldepflichtige-tumoren,2026.0.3,active,,MII_VS_Onko_ICD10_Meldepflichtige_Tumoren,MII VS Onkologie ICD-10-GM Meldepflichtige Tumoren,"ICD-10-GM-Codes der nach KFRG/§65c krebsregister-meldepflichtigen Neubildungen: bösartige Neubildungen (C00-C97), In-situ-Neubildungen (D00-D09), gutartige Neubildungen der Meningen, des Gehirns/ZNS und intrakranieller endokriner Strukturen (D32, D33, D35.2-D35.4) sowie Neubildungen unsicheren oder unbekannten Verhaltens (D37-D48, einschließlich hämatologischer Entitäten D45-D47).",,"de.basisprofil.r4"
https://www.medizininformatik-initiative.de/fhir/ext/modul-onko/ValueSet/mii-vs-onko-icdo3-morphologie,2026.0.3,active,,MII_VS_Onko_ICDO3_Morphologie,MII VS Onkologie ICD-O-3 Morphologie,"Codes für histologische Morphologie und Verhalten einer neoplastischen Veränderung","StructureDefinition/mii-pr-onko-histologie-icdo3,StructureDefinition/mii-ex-onko-histology-morphology-behavior-icdo3,StructureDefinition/mii-pr-onko-diagnose-primaertumor","THO"
https://www.medizininformatik-initiative.de/fhir/ext/modul-onko/ValueSet/mii-vs-onko-icdo3-morphologie-2014,2026.0.3,active,,MII_VS_Onko_ICDO3_Morphologie_2014,MII VS Onkologie ICD-O-3 Morphologie 2014,"Codes für histologische Morphologie und Verhalten einer neoplastischen Veränderung gemäß ICD-O-3 Erste Revision (deutsche Ausgabe 2014).","ConceptMap/mii-cm-onko-icdo3-transitions-2019","THO"
https://www.medizininformatik-initiative.de/fhir/ext/modul-onko/ValueSet/mii-vs-onko-icdo3-morphologie-2019,2026.0.3,active,,MII_VS_Onko_ICDO3_Morphologie_2019,MII VS Onkologie ICD-O-3 Morphologie 2019,"Codes für histologische Morphologie und Verhalten einer neoplastischen Veränderung gemäß ICD-O-3 Zweite Revision (deutsche Ausgabe 2019).","ConceptMap/mii-cm-onko-icdo3-transitions-2019","THO"
https://www.medizininformatik-initiative.de/fhir/ext/modul-onko/ValueSet/mii-vs-onko-icdo3-topographie,2026.0.3,active,,MII_VS_Onko_ICDO3_Topographie,MII VS Onkologie ICD-O-3 Topographie,"Codes für Topographie einer neoplastischen Veränderung","StructureDefinition/mii-pr-onko-histologie-icdo3,StructureDefinition/mii-pr-onko-fernmetastasen,StructureDefinition/mii-pr-onko-diagnose-primaertumor,StructureDefinition/mii-pr-onko-fruehere-tumorerkrankung","THO"
https://www.medizininformatik-initiative.de/fhir/ext/modul-onko/ValueSet/mii-vs-onko-icdo3-topographie-2014,2026.0.3,active,,MII_VS_Onko_ICDO3_Topographie_2014,MII VS Onkologie ICD-O-3 Topographie 2014,"Codes für die Topographie einer neoplastischen Veränderung gemäß ICD-O-3 Erste Revision (deutsche Ausgabe 2014).",,"THO"
https://www.medizininformatik-initiative.de/fhir/ext/modul-onko/ValueSet/mii-vs-onko-icdo3-topographie-2019,2026.0.3,active,,MII_VS_Onko_ICDO3_Topographie_2019,MII VS Onkologie ICD-O-3 Topographie 2019,"Codes für die Topographie einer neoplastischen Veränderung gemäß ICD-O-3 Zweite Revision (deutsche Ausgabe 2019).",,"THO"
https://www.medizininformatik-initiative.de/fhir/ext/modul-onko/ValueSet/mii-vs-onko-kdl-dokumentklassen,2026.0.3,active,,MII_VS_Onko_KDL_Dokumentklassen,MII VS Onkologie KDL Dokumentklassen,"Kuratierte Auswahl der KDL-Dokumentklassen (KDL 2025) entlang des onkologischen Behandlungspfads (oBDS-Kapitel: Diagnose/Pathologie, Staging-Bildgebung, Tumorkonferenz, Operation, Strahlentherapie, Systemische Therapie, Verlauf/Labor, Tod, Studien, übergreifende Dokumente) als Begleitartefakt für DocumentReference.type. Teilmenge des KDL-Bindings im MII-KDS-Modul Dokument; deprecated-Klassen sind ausgeschlossen.",,"Other"
https://www.medizininformatik-initiative.de/fhir/ext/modul-onko/ValueSet/mii-vs-onko-koerperstruktur-sct,2026.0.3,active,,MII_VS_Onko_Koerperstruktur_SCT,MII VS Onkologie Körperstruktur (SNOMED CT),"SNOMED CT Körperstrukturen (Body structure) zur optionalen exakten Lokalisationsangabe (z.B. bei Fernmetastasen).","StructureDefinition/mii-pr-onko-fernmetastasen","SCT"
https://www.medizininformatik-initiative.de/fhir/ext/modul-onko/ValueSet/mii-vs-onko-krk-abstand-circumferelle-resektionsrand,2026.0.3,active,,MII_VS_Onko_KRK_Abstand_Circumferelle_Resektionsrand,MII VS Onkologie KRK Abstand Circumferelle Resektionsrand,"Value Set für semantische Kodierung des oBDS-Abstand des Tumorrandes zur circumferellen Resektionsrand im Kolorektalen Karzinom","StructureDefinition/mii-pr-onko-krk-abstand-circumferelle-resektionsebene","LOINC"
https://www.medizininformatik-initiative.de/fhir/ext/modul-onko/ValueSet/mii-vs-onko-krk-abstand-resektionslinie-aboral,2026.0.3,active,,MII_VS_Onko_KRK_Abstand_Resektionslinie_Aboral,MII VS Onkologie KRK Abstand Resektionslinie Aboral,"Value Set für semantische Kodierung des oBDS-Abstand des Tumorrandes zur aboralen Resektionslinie im Kolorektalen Karzinom","StructureDefinition/mii-pr-onko-krk-abstand-aboral","LOINC"
https://www.medizininformatik-initiative.de/fhir/ext/modul-onko/ValueSet/mii-vs-onko-krk-anastomoseninsuffizienz,2026.0.3,active,,MII_VS_Onko_KRK_Anastomoseninsuffizienz,MII VS Onkologie KRK Anastomoseninsuffizienz,"Value Set für die Bewertung der Anastomoseninsuffizienz beim Kolorektalen Karzinom","StructureDefinition/mii-pr-onko-krk-anastomoseninsuffizienz","Internal"
https://www.medizininformatik-initiative.de/fhir/ext/modul-onko/ValueSet/mii-vs-onko-krk-mrt-mesorektale-faszie-status,2026.0.3,active,,MII_VS_Onko_KRK_MRT_Mesorektale_Faszie_Status,MII VS Onkologie KRK MRT Mesorektale Faszie Status,"Value Set für semantische Kodierung des oBDS-Status der MRT/CT Untersuchung zur mesorektalen Faszie beim Kolorektalen Karzinom (KR5)","StructureDefinition/mii-pr-onko-krk-mrt-mesorektale-faszie","Internal"
https://www.medizininformatik-initiative.de/fhir/ext/modul-onko/ValueSet/mii-vs-onko-krk-stoma-anzeichnung,2026.0.3,active,,MII_VS_Onko_KRK_Stoma_Anzeichnung,MII VS Onkologie KRK Stoma Anzeichnung,"Value Set für semantische Kodierung der oBDS-präoperativen Stoma-Anzeichnung beim Rektumkarzinom","ConceptMap/mii-cm-onko-krk-stoma-obds-sct","Internal"
https://www.medizininformatik-initiative.de/fhir/ext/modul-onko/ValueSet/mii-vs-onko-krk-stoma-status-reason,2026.0.3,active,,MII_VS_Onko_KRK_Stoma_Status_Reason,MII VS Onkologie KRK Stoma Status Reason,"Value Set für SNOMED CT Codes zur Begründung des Status der präoperativen Stoma-Anzeichnung","StructureDefinition/mii-pr-onko-krk-stoma-markierung","SCT"
https://www.medizininformatik-initiative.de/fhir/ext/modul-onko/ValueSet/mii-vs-onko-krk-tme-qualitaet,2026.0.3,active,,MII_VS_Onko_KRK_TME_Qualitaet,MII VS Onkologie KRK TME Qualität,"Value Set für semantische Kodierung des oBDS-Abstand des Tumorrandes zur aboralen Resektionslinie im Kolorektalen Karzinom","StructureDefinition/mii-pr-onko-krk-specimen","Internal"
https://www.medizininformatik-initiative.de/fhir/ext/modul-onko/ValueSet/mii-vs-onko-mamma-faerbeintensitaet,2026.0.3,active,,MII_VS_Onko_Mamma_Faerbeintensitaet,MII VS Onkologie Mamma Färbeintensität,"Färbeintensität der immunhistochemischen Rezeptorbestimmung (Weak, Moderate, Strong). Enumerierte Fassung der LOINC-Answer-List LL4358-9.","StructureDefinition/mii-pr-onko-mamma-rezeptorstatus-estrogen,StructureDefinition/mii-pr-onko-mamma-rezeptorstatus-progesteron","LOINC"
https://www.medizininformatik-initiative.de/fhir/ext/modul-onko/ValueSet/mii-vs-onko-mamma-her2neu-ihc-score,2026.0.3,active,,MII_VS_Onko_Mamma_Her2neu_IHC_Score,MII VS Onkologie Mamma Her2neu IHC Score,"HER2-Score der Immunhistochemie (0, 1+, 2+, 3+, Indeterminate). Enumerierte Fassung der LOINC-Answer-List LL4396-9.","StructureDefinition/mii-pr-onko-mamma-her2neu-status","LOINC"
https://www.medizininformatik-initiative.de/fhir/ext/modul-onko/ValueSet/mii-vs-onko-mamma-her2neu-status-leitlinie,2026.0.3,active,,MII_VS_Onko_Mamma_Her2neu_Status_Leitlinie,MII VS Onkologie Mamma Her2neu Status Leitlinie,"Value Set für Her2neu Status nach S3-Leitlinie und ASCO/CAP Guidelines","StructureDefinition/mii-pr-onko-mamma-her2neu-status","Internal"
https://www.medizininformatik-initiative.de/fhir/ext/modul-onko/ValueSet/mii-vs-onko-mamma-her2neu-status-obds,2026.0.3,active,,MII_VS_Onko_Mamma_Her2neu_Status_oBDS,MII VS Onkologie Mamma Her2neu Status oBDS,"Value Set für Her2neu Status nach oBDS","StructureDefinition/mii-pr-onko-mamma-her2neu-status","Internal"
https://www.medizininformatik-initiative.de/fhir/ext/modul-onko/ValueSet/mii-vs-onko-mamma-intraoperatives-imaging-praeparat,2026.0.3,active,,MII_VS_Onko_Mamma_Intraoperatives_Imaging_Praeparat,MII VS Onkologie Mamma Intraoperatives Imaging Präparat,"Value Set für intraoperatives Imaging des Präparats nach Exzision bei Mamma-Karzinom","StructureDefinition/mii-pr-onko-mamma-operation","SCT"
https://www.medizininformatik-initiative.de/fhir/ext/modul-onko/ValueSet/mii-vs-onko-mamma-ish-ergebnis,2026.0.3,active,,MII_VS_Onko_Mamma_ISH_Ergebnis,MII VS Onkologie Mamma ISH Ergebnis,"Ergebnis der In-situ-Hybridisierung (ISH/FISH): Positive, Negative, Equivocal (LOINC-Answer-Codes).","StructureDefinition/mii-pr-onko-mamma-her2neu-status","LOINC"
https://www.medizininformatik-initiative.de/fhir/ext/modul-onko/ValueSet/mii-vs-onko-mamma-menopause-status,2026.0.3,active,,MII_VS_Onko_Mamma_Menopause_Status,MII VS Onkologie Mamma Menopause Status,"Value Set für (prätherapeutischen) Status der Menopause Score","StructureDefinition/mii-pr-onko-mamma-menopause-status","SCT"
https://www.medizininformatik-initiative.de/fhir/ext/modul-onko/ValueSet/mii-vs-onko-mamma-operation-ops,2026.0.3,active,,MII_VS_Onko_Mamma_Operation_OPS,MII VS Onkologie Mamma Operation OPS,"Value Set für Mamma-Operationen basierend auf OPS","StructureDefinition/mii-pr-onko-mamma-operation","de.basisprofil.r4"
https://www.medizininformatik-initiative.de/fhir/ext/modul-onko/ValueSet/mii-vs-onko-mamma-operation-sct,2026.0.3,active,,MII_VS_Onko_Mamma_Operation_SCT,MII VS Onkologie Mamma Operation SNOMED CT,"Value Set für Mamma-Operationen basierend auf SNOMED CT","StructureDefinition/mii-pr-onko-mamma-operation","SCT"
https://www.medizininformatik-initiative.de/fhir/ext/modul-onko/ValueSet/mii-vs-onko-mamma-praeoperative-markierung-modalitaet,2026.0.3,active,,MII_VS_Onko_Mamma_Praeoperative_Markierung_Modalitaet,MII VS Onkologie Mamma Präoperative Markierung Modalität,"Value Set für Imagingmodalität der präoperativen Markierung bei Mamma-Karzinom","StructureDefinition/mii-pr-onko-mamma-operation,StructureDefinition/mii-pr-onko-mamma-praeoperative-markierung","SCT"
https://www.medizininformatik-initiative.de/fhir/ext/modul-onko/ValueSet/mii-vs-onko-mamma-rezeptorstatus-leitlinie,2026.0.3,active,,MII_VS_Onko_Mamma_Rezeptorstatus_Leitlinie,MII VS Onkologie Mamma Rezeptorstatus Leitlinie,"Value Set für oBDS-Rezeptorstatus Mamma","StructureDefinition/mii-pr-onko-mamma-rezeptorstatus-estrogen,StructureDefinition/mii-pr-onko-mamma-rezeptorstatus-progesteron","Internal"
https://www.medizininformatik-initiative.de/fhir/ext/modul-onko/ValueSet/mii-vs-onko-mamma-rezeptorstatus-obds,2026.0.3,active,,MII_VS_Onko_Mamma_Rezeptorstatus_oBDS,MII VS Onkologie Mamma Rezeptorstatus oBDS,"Value Set für oBDS-Rezeptorstatus Mamma","StructureDefinition/mii-pr-onko-mamma-rezeptorstatus-estrogen,StructureDefinition/mii-pr-onko-mamma-rezeptorstatus-progesteron","LOINC"
https://www.medizininformatik-initiative.de/fhir/ext/modul-onko/ValueSet/mii-vs-onko-melanom-exzision-snomedct,2026.0.3,active,,MII_VS_Onko_Melanom_Exzision_SNOMEDCT,MII VS Onko Melanom Exzision SNOMED CT,"Value Set für Melanom-spezifische Exzisionen basierend auf SNOMED CT. Enthält den Code für Melanom-Exzision. Weitere anatomische Details können über bodySite kodiert werden.","StructureDefinition/mii-pr-onko-melanom-exzision","SCT"
https://www.medizininformatik-initiative.de/fhir/ext/modul-onko/ValueSet/mii-vs-onko-melanom-ldh,2026.0.3,active,,MII_VS_Onko_Melanom_LDH,MII VS Onkologie Melanom LDH,"Value Set für Laktatdehydrogenase (LDH) Laborwerte beim Malignen Melanom","StructureDefinition/mii-pr-onko-melanom-ldh","LOINC"
https://www.medizininformatik-initiative.de/fhir/ext/modul-onko/ValueSet/mii-vs-onko-melanom-ulzeration,2026.0.3,active,,MII_VS_Onko_Melanom_Ulzeration,MII VS Onkologie Melanom Ulzeration,"Codes für die Ulzeration beim Malignen Melanom der Haut","StructureDefinition/mii-pr-onko-melanom-ulzeration","Internal"
https://www.medizininformatik-initiative.de/fhir/ext/modul-onko/ValueSet/mii-vs-onko-nebenwirkung-art,2026.0.3,active,,MII_VS_Onko_Nebenwirkung_Art,MII VS Onkologie Nebenwirkung nach CTCAE Art,"Alle MedDRA-Codes der CTCAE v4.03 (Art der Nebenwirkung). Deutsche/englische Displays via CodeSystem-Supplements mii-cs-onko-nebenwirkung-meddra-de/-en.","StructureDefinition/mii-pr-onko-nebenwirkung-adverse-event","hl7.terminology.r4"
https://www.medizininformatik-initiative.de/fhir/ext/modul-onko/ValueSet/mii-vs-onko-nebenwirkung-ctcae-grad,2026.0.3,active,,MII_VS_Onko_Nebenwirkung_CTCAE_Grad,MII VS Onkologie Nebenwirkung nach CTCAE Grad,"oBDS-spezifisches ValueSet für Nebenwirkung nach CTCAE-Grad","StructureDefinition/mii-pr-onko-nebenwirkung-adverse-event","Internal"
https://www.medizininformatik-initiative.de/fhir/ext/modul-onko/ValueSet/mii-vs-onko-operation-intention,2026.0.3,active,,MII_VS_Onko_Operation_Intention,MII VS Onkologie Operation Intention,"Value Set für oBDS-Codes für Klassifikation von Intention der OP","StructureDefinition/mii-pr-onko-operation,StructureDefinition/mii-pr-onko-mamma-operation,StructureDefinition/mii-pr-onko-prostata-operation,StructureDefinition/mii-ex-onko-operation-intention,StructureDefinition/mii-pr-onko-mamma-sozialdienst,StructureDefinition/mii-pr-onko-melanom-exzision,StructureDefinition/mii-pr-onko-krk-operation","Internal"
https://www.medizininformatik-initiative.de/fhir/ext/modul-onko/ValueSet/mii-vs-onko-operation-komplikation,2026.0.3,active,,MII_VS_Onko_Operation_Komplikation,MII VS Onkologie Operation Komplikationen,"Value Set für oBDS-Codes für Klassifikation von Komplikationen während der OP","StructureDefinition/mii-pr-onko-operation,StructureDefinition/mii-pr-onko-mamma-operation,StructureDefinition/mii-pr-onko-prostata-operation,StructureDefinition/mii-pr-onko-mamma-sozialdienst,StructureDefinition/mii-pr-onko-melanom-exzision,StructureDefinition/mii-pr-onko-krk-operation","Internal"
https://www.medizininformatik-initiative.de/fhir/ext/modul-onko/ValueSet/mii-vs-onko-operation-urgency,2026.0.3,active,,MII_VS_Onko_Operation_Urgency,MII VS Onkologie Operation Urgency,"Value Set für semantische Kodierung der oBDS-Modalität der Eingriffsdurchführung (Art des Eingriffs KR6)","StructureDefinition/mii-pr-onko-operation,StructureDefinition/mii-pr-onko-mamma-operation,StructureDefinition/mii-pr-onko-prostata-operation,StructureDefinition/mii-pr-onko-mamma-sozialdienst,StructureDefinition/mii-ex-onko-operation-urgency,StructureDefinition/mii-pr-onko-melanom-exzision,StructureDefinition/mii-pr-onko-krk-operation","Internal"
https://www.medizininformatik-initiative.de/fhir/ext/modul-onko/ValueSet/mii-vs-onko-ops-nuklearmedizin,2026.0.3,active,,MII_VS_Onko_OPS_Nuklearmedizin,MII VS Onkologie OPS Nuklearmedizin,"OPS-Codes für Nuklearmedizinische Therapie","StructureDefinition/mii-pr-onko-strahlentherapie-bestrahlung-nuklearmedizin","de.basisprofil.r4"
https://www.medizininformatik-initiative.de/fhir/ext/modul-onko/ValueSet/mii-vs-onko-ops-strahlentherapie,2026.0.3,active,,MII_VS_Onko_OPS_Strahlentherapie,MII VS Onkologie OPS Strahlentherapie,"OPS-Codes für Strahlentherapie","StructureDefinition/mii-pr-onko-strahlentherapie-bestrahlung-strahlentherapie","de.basisprofil.r4"
https://www.medizininformatik-initiative.de/fhir/ext/modul-onko/ValueSet/mii-vs-onko-primaertumor-diagnosesicherung,2026.0.3,active,,MII_VS_Onko_Primaertumor_Diagnosesicherung,MII VS Onkologie Primärtumor Diagnosesicherung,"Codes für Primärtumor Diagnosesicherung, d.h. die höchste erreichte Diagnosesicherheit der Diagnose.","StructureDefinition/mii-pr-onko-diagnose-primaertumor","Internal"
https://www.medizininformatik-initiative.de/fhir/ext/modul-onko/ValueSet/mii-vs-onko-prostata-clavien-dindo,2026.0.3,active,,MII_VS_Onko_Prostata_Clavien_Dindo,MII VS Onkologie Prostata Clavien Dindo,"Value Set für Gleason Score","StructureDefinition/mii-pr-onko-prostate-clavien-dindo","SCT"
https://www.medizininformatik-initiative.de/fhir/ext/modul-onko/ValueSet/mii-vs-onko-prostata-gleason-patterns,2026.0.3,active,,MII_VS_Onko_Prostata_Gleason_Patterns,MII VS Onkologie Prostata Gleason Patterns,"Value Set für die histopathologische Bewertung von Prostata-Adenokarzinomen mittels Gleason-Patterns. Dieser Value Set wird verwendet, um die verschiedenen Gleason-Patterns zu kodieren, die bei der Beurteilung von Prostatakarzinomen auftreten können.","StructureDefinition/mii-pr-onko-prostate-gleason-patterns","SCT"
https://www.medizininformatik-initiative.de/fhir/ext/modul-onko/ValueSet/mii-vs-onko-prostata-gleason-primary-secondary-tertiary,2026.0.3,active,,MII_VS_Onko_Prostata_Gleason_PrimarySecondaryTertiary,MII VS Onkologie Prostata Gleason Primary Secondary Tertiary,"Value Set für Primär-, Sekundär- und Tertiär-Gleason Patterns in der Onkologie Prostata. Der häufigste Gleason Pattern wird als primär, der zweithäufigste als sekundär und (seltener, meistens bei Gleason Pattern 5) der dritthäufigste als tertiär bezeichnet. Diese Value Set wird verwendet, um die verschiedenen Gleason Patterns zu kodieren, die bei der Beurteilung von Prostatakarzinomen auftreten können.","StructureDefinition/mii-pr-onko-prostate-gleason-patterns","SCT"
https://www.medizininformatik-initiative.de/fhir/ext/modul-onko/ValueSet/mii-vs-onko-prostata-gleason-score,2026.0.3,active,,MII_VS_Onko_Prostata_Gleason_Score,MII VS Onkologie Prostata Gleason Score,"Value Set für den Gleason Score in Kombination mit der ISUP Grade Group. Da ISUP Grade Groups erst ab einem Gleason-Gesamtscore von 6 definiert sind, deckt dieses Value Set nur Scores >= 6 ab. Liegt nur das Score-Ergebnis ohne Grade Group vor oder ein Gesamtscore < 6, ist MII_VS_Onko_Prostata_Gleason_Score_Gesamt zu verwenden.","StructureDefinition/mii-pr-onko-prostate-gleason-grade-group","SCT"
https://www.medizininformatik-initiative.de/fhir/ext/modul-onko/ValueSet/mii-vs-onko-prostata-gleason-score-gesamt,2026.0.3,active,,MII_VS_Onko_Prostata_Gleason_Score_Gesamt,MII VS Onkologie Prostata Gleason Score Gesamt,"Value Set für den Gleason-Gesamtscore (Summe aus primärem und sekundärem Pattern) ohne Aufschlüsselung in Primär-/Sekundär-Pattern. Enthält die Scores 2 bis 10 aus der SNOMED-CT-Hierarchie unterhalb von 385377005 (Gleason grade finding for prostatic cancer). Damit sind auch Gesamtscores < 6 abbildbar, wie sie bei TURP-Material und in historischen Befunden vorkommen. Ein Gesamtscore 1 existiert nicht, da sich der Score aus zwei Patterns mit Werten ab 1 zusammensetzt. Die ISUP Grade Groups sind bewusst nicht enthalten; sie werden über MII_VS_Onko_Prostata_Gleason_Score abgebildet.","StructureDefinition/mii-pr-onko-prostate-gleason-score-gesamt","SCT"
https://www.medizininformatik-initiative.de/fhir/ext/modul-onko/ValueSet/mii-vs-onko-prostata-operation-snomedct,2026.0.3,active,,MII_VS_Onko_Prostata_Operation_SNOMEDCT,MII VS Onko Prostata Operation SNOMED CT,"Value Set für Prostata-spezifische Operationen basierend auf SNOMED CT. Enthält alle Kinder von 118877007 |Procedure on prostate (procedure)|","StructureDefinition/mii-pr-onko-prostata-operation","SCT"
https://www.medizininformatik-initiative.de/fhir/ext/modul-onko/ValueSet/mii-vs-onko-prostata-postsurgical-complications,2026.0.3,active,,MII_VS_Onko_Prostata_Postsurgical_Complications,MII VS Onkologie Prostata Postsurgical Complications,"Value Set für Clavien-Dindo Klassifikation","StructureDefinition/mii-pr-onko-prostate-clavien-dindo","Internal"
https://www.medizininformatik-initiative.de/fhir/ext/modul-onko/ValueSet/mii-vs-onko-prostata-psa-loinc,2026.0.3,active,,MII_VS_Onko_Prostata_PSA_LOINC,MII VS Onko Prostata PSA LOINC,"Value Set für Prostata-spezifisches Antigen (PSA) LOINC Codes. Enthält LOINC Codes für Total-PSA und freies PSA, exkludiert gebundenes PSA Messungen.","StructureDefinition/mii-pr-onko-prostate-psa","LOINC"
https://www.medizininformatik-initiative.de/fhir/ext/modul-onko/ValueSet/mii-vs-onko-seitenlokalisation,2026.0.3,active,,MII_VS_Onko_Seitenlokalisation,MII VS Onkologie Primärtumor Seitenlokalisation,"Codes für Seitenlokalisation, d.h. organspezifische Angabe der betroffenen Seite.","StructureDefinition/mii-pr-onko-histologie-icdo3,StructureDefinition/mii-pr-onko-strahlentherapie-bestrahlung-nuklearmedizin,StructureDefinition/mii-pr-onko-strahlentherapie-bestrahlung-strahlentherapie,StructureDefinition/mii-pr-onko-diagnose-primaertumor,StructureDefinition/mii-ex-onko-strahlentherapie-bestrahlung-seitenlokalisation","Internal"
https://www.medizininformatik-initiative.de/fhir/ext/modul-onko/ValueSet/mii-vs-onko-strahlentherapie-applikationsart,2026.0.3,active,,MII_VS_Onko_Strahlentherapie_Applikationsart,MII VS Onkologie Strahlentherapie Applikationsart,"oBDS-spezifisches Codesystem für Klassifikation von Applikationsart der Strahlentherapie","StructureDefinition/mii-pr-onko-strahlentherapie-bestrahlung-nuklearmedizin,StructureDefinition/mii-pr-onko-strahlentherapie-bestrahlung-strahlentherapie","Internal"
https://www.medizininformatik-initiative.de/fhir/ext/modul-onko/ValueSet/mii-vs-onko-strahlentherapie-boost,2026.0.3,active,,MII_VS_Onko_Strahlentherapie_Boosts,MII VS Onkologie Strahlentherapie Boost,"oBDS-spezifisches ValueSet für Klassifikation von Boosts bei Strahlentherapie","StructureDefinition/mii-pr-onko-strahlentherapie-bestrahlung-nuklearmedizin,StructureDefinition/mii-ex-onko-strahlentherapie-bestrahlung-boost,StructureDefinition/mii-pr-onko-strahlentherapie-bestrahlung-strahlentherapie","Internal"
https://www.medizininformatik-initiative.de/fhir/ext/modul-onko/ValueSet/mii-vs-onko-strahlentherapie-intention,2026.0.3,active,,MII_VS_Onko_Strahlentherapie_Intention,MII VS Onkologie Strahlentherapie Intention,"Value Set für oBDS-Codes für Klassifikation von Intention der Strahlentherapie","StructureDefinition/mii-pr-onko-strahlentherapie,StructureDefinition/mii-ex-onko-strahlentherapie-intention","Internal"
https://www.medizininformatik-initiative.de/fhir/ext/modul-onko/ValueSet/mii-vs-onko-studienteilnahme,2026.0.3,active,,MII_VS_Onko_Studienteilnahme,MII VS Onkologie Studienteilnahme,"Value Set für oBDS-Codes des Studienteilnahme Status","StructureDefinition/mii-pr-onko-studienteilnahme","Internal"
https://www.medizininformatik-initiative.de/fhir/ext/modul-onko/ValueSet/mii-vs-onko-systemische-therapie-art,2026.0.3,active,,MII_VS_Onko_Systemische_Therapie_Art,MII VS Onkologie Systemische Therapie Art,"oBDS-spezifisches ValueSet für Klassifikation der Art der systemischen oder abwartenden Therapie","StructureDefinition/mii-pr-onko-systemische-therapie","Internal"
https://www.medizininformatik-initiative.de/fhir/ext/modul-onko/ValueSet/mii-vs-onko-systemische-therapie-intention,2026.0.3,active,,MII_VS_Onko_Systemische_Therapie_Intention,MII VS Onkologie Systemische Therapie Intention,"Value Set für oBDS-Codes für Klassifikation von Intention der Systemischen Therapie","StructureDefinition/mii-pr-onko-systemische-therapie,StructureDefinition/mii-ex-onko-systemische-therapie-intention","Internal"
https://www.medizininformatik-initiative.de/fhir/ext/modul-onko/ValueSet/mii-vs-onko-systemische-therapie-protokolle,2026.0.3,active,,MII_VS_Onko_Systemische_Therapie_Protokolle,MII VS Onkologie Systemische Therapie Protokolle,"oBDS-spezifisches ValueSet für Protokolle systemischer Therapien","StructureDefinition/mii-pr-onko-systemische-therapie,StructureDefinition/mii-pr-onko-therapieempfehlung-kombinationstherapie","Internal"
https://www.medizininformatik-initiative.de/fhir/ext/modul-onko/ValueSet/mii-vs-onko-systemische-therapie-substanzen,2026.0.3,active,,MII_VS_Onko_Systemische_Therapie_Substanzen,MII VS Onkologie Systemische Therapie Substanzen,"Validierte ATC-Codes für Substanzen der systemischen Therapie basierend auf oBDS Umsetzungsleitfaden. Automatisch generiert und gegen MII-Terminologieserver validiert.",,"de.basisprofil.r4"
https://www.medizininformatik-initiative.de/fhir/ext/modul-onko/ValueSet/mii-vs-onko-systemische-therapie-substanzen-2018,2026.0.3,active,,MII_VS_Onko_Systemische_Therapie_Substanzen_2018,MII VS Onkologie Systemische Therapie Substanzen ATC 2018,"ATC-Codes für Substanzen der systemischen Therapie, validiert gegen ATC-DE Version 2018. Für historische Datenvalidierung.",,"de.basisprofil.r4"
https://www.medizininformatik-initiative.de/fhir/ext/modul-onko/ValueSet/mii-vs-onko-systemische-therapie-substanzen-2019,2026.0.3,active,,MII_VS_Onko_Systemische_Therapie_Substanzen_2019,MII VS Onkologie Systemische Therapie Substanzen ATC 2019,"ATC-Codes für Substanzen der systemischen Therapie, validiert gegen ATC-DE Version 2019. Für historische Datenvalidierung.",,"de.basisprofil.r4"
https://www.medizininformatik-initiative.de/fhir/ext/modul-onko/ValueSet/mii-vs-onko-systemische-therapie-substanzen-2020,2026.0.3,active,,MII_VS_Onko_Systemische_Therapie_Substanzen_2020,MII VS Onkologie Systemische Therapie Substanzen ATC 2020,"ATC-Codes für Substanzen der systemischen Therapie, validiert gegen ATC-DE Version 2020. Für historische Datenvalidierung.","ConceptMap/mii-cm-onko-atc-transitions-2021","de.basisprofil.r4"
https://www.medizininformatik-initiative.de/fhir/ext/modul-onko/ValueSet/mii-vs-onko-systemische-therapie-substanzen-2021,2026.0.3,active,,MII_VS_Onko_Systemische_Therapie_Substanzen_2021,MII VS Onkologie Systemische Therapie Substanzen ATC 2021,"ATC-Codes für Substanzen der systemischen Therapie, validiert gegen ATC-DE Version 2021. Für historische Datenvalidierung.","ConceptMap/mii-cm-onko-atc-transitions-2021,ConceptMap/mii-cm-onko-atc-transitions-2022","de.basisprofil.r4"
https://www.medizininformatik-initiative.de/fhir/ext/modul-onko/ValueSet/mii-vs-onko-systemische-therapie-substanzen-2022,2026.0.3,active,,MII_VS_Onko_Systemische_Therapie_Substanzen_2022,MII VS Onkologie Systemische Therapie Substanzen ATC 2022,"ATC-Codes für Substanzen der systemischen Therapie, validiert gegen ATC-DE Version 2022. Für historische Datenvalidierung.","ConceptMap/mii-cm-onko-atc-transitions-2023,ConceptMap/mii-cm-onko-atc-transitions-2022","de.basisprofil.r4"
https://www.medizininformatik-initiative.de/fhir/ext/modul-onko/ValueSet/mii-vs-onko-systemische-therapie-substanzen-2023,2026.0.3,active,,MII_VS_Onko_Systemische_Therapie_Substanzen_2023,MII VS Onkologie Systemische Therapie Substanzen ATC 2023,"ATC-Codes für Substanzen der systemischen Therapie, validiert gegen ATC-DE Version 2023. Für historische Datenvalidierung.","ConceptMap/mii-cm-onko-atc-transitions-2024,ConceptMap/mii-cm-onko-atc-transitions-2023","de.basisprofil.r4"
https://www.medizininformatik-initiative.de/fhir/ext/modul-onko/ValueSet/mii-vs-onko-systemische-therapie-substanzen-2024,2026.0.3,active,,MII_VS_Onko_Systemische_Therapie_Substanzen_2024,MII VS Onkologie Systemische Therapie Substanzen ATC 2024,"ATC-Codes für Substanzen der systemischen Therapie, validiert gegen ATC-DE Version 2024. Für historische Datenvalidierung.","ConceptMap/mii-cm-onko-atc-transitions-2025,ConceptMap/mii-cm-onko-atc-transitions-2024","de.basisprofil.r4"
https://www.medizininformatik-initiative.de/fhir/ext/modul-onko/ValueSet/mii-vs-onko-systemische-therapie-substanzen-2025,2026.0.3,active,,MII_VS_Onko_Systemische_Therapie_Substanzen_2025,MII VS Onkologie Systemische Therapie Substanzen ATC 2025,"ATC-Codes für Substanzen der systemischen Therapie, validiert gegen ATC-DE Version 2025. Für historische Datenvalidierung.","ConceptMap/mii-cm-onko-atc-transitions-2025,ConceptMap/mii-cm-onko-atc-transitions-2026","de.basisprofil.r4"
https://www.medizininformatik-initiative.de/fhir/ext/modul-onko/ValueSet/mii-vs-onko-systemische-therapie-substanzen-2026,2026.0.3,active,,MII_VS_Onko_Systemische_Therapie_Substanzen_2026,MII VS Onkologie Systemische Therapie Substanzen ATC 2026,"ATC-Codes für Substanzen der systemischen Therapie, validiert gegen ATC-DE Version 2026. Für historische Datenvalidierung.","ConceptMap/mii-cm-onko-atc-transitions-2026","de.basisprofil.r4"
https://www.medizininformatik-initiative.de/fhir/ext/modul-onko/ValueSet/mii-vs-onko-systemische-therapie-substanzen-unii,2026.0.3,active,,MII_VS_Onko_Systemische_Therapie_Substanzen_UNII,MII VS Onkologie Systemische Therapie Substanzen (UNII),"UNII-Codes für Substanzen der systemischen Therapie ohne ATC-Code. Ergänzung zum ATC-basierten Haupt-ValueSet für neuere und experimentelle onkologische Wirkstoffe.","StructureDefinition/mii-pr-onko-systemische-therapie-medikation","hl7.terminology.r4"
https://www.medizininformatik-initiative.de/fhir/ext/modul-onko/ValueSet/mii-vs-onko-therapieabweichung,2026.0.3,active,,MII_VS_Onko_Therapieabweichung,MII VS Onkologie Therapieabweichung,"oBDS-spezifisches ValueSet für die Therapieabweichung auf Wunsch des Patients.","StructureDefinition/mii-pr-onko-tumorkonferenz","Internal"
https://www.medizininformatik-initiative.de/fhir/ext/modul-onko/ValueSet/mii-vs-onko-therapieempfehlung-typ,2026.0.3,active,,MII_VS_Onko_Therapieempfehlung_Typ,MII VS Onkologie Therapieempfehlung Typ,"oBDS-spezifisches ValueSet für den Therapieempfehlungstyp","StructureDefinition/mii-pr-onko-tumorkonferenz,StructureDefinition/mii-pr-onko-therapieempfehlung-kombinationstherapie","Internal"
https://www.medizininformatik-initiative.de/fhir/ext/modul-onko/ValueSet/mii-vs-onko-therapieplanung-typ,2026.0.3,active,,MII_VS_Onko_Therapieplanung_Typ,MII VS Onkologie Therapieplanung Typ,"oBDS-spezifisches ValueSet für den Therapieplanungstyp","StructureDefinition/mii-pr-onko-tumorkonferenz","Internal"
https://www.medizininformatik-initiative.de/fhir/ext/modul-onko/ValueSet/mii-vs-onko-tnm-cp-praefix,2026.0.3,active,,MII_VS_Onko_TNM_cp_Praefix,MII VS Onkologie TNM c/p/u Praefix,"Codes für TNM c/p/u-Präfix. Gibt an, ob die Klassifikation klinisch (c), pathologisch (p) oder mittels Ultraschall (u) erfolgte.","StructureDefinition/mii-pr-onko-tnm-m-kategorie,StructureDefinition/mii-ex-onko-tnm-cp-praefix,StructureDefinition/mii-pr-onko-tnm-t-kategorie,StructureDefinition/mii-pr-onko-tnm-n-kategorie","Internal"
https://www.medizininformatik-initiative.de/fhir/ext/modul-onko/ValueSet/mii-vs-onko-tnm-itc-suffix,2026.0.3,active,,MII_VS_Onko_TNM_ITC_Suffix,MII VS Onkologie TNM ITC Suffix,"Das ValueSet enthält die isolierten Tumorzellen (ITC) Suffixe für die N- und M-Kategorien aus der UICC TNM - Klassifikation maligner Tumoren Achte Auflage.","StructureDefinition/mii-ex-onko-tnm-itc-suffix","Internal"
https://www.medizininformatik-initiative.de/fhir/ext/modul-onko/ValueSet/mii-vs-onko-tnm-klassifikation-typ,2026.0.3,active,,MII_VS_Onko_TNM_Klassifikation_Typ,MII VS Onkologie TNM Klassifikation Typ,"Codes für TNM-Klassifikation Typ. Gibt an, ob die Klassifikation klinisch oder pathologisch erfolgte.","StructureDefinition/mii-pr-onko-tnm-klassifikation-synthetisiert,StructureDefinition/mii-pr-onko-tnm-klassifikation","SCT"
https://www.medizininformatik-initiative.de/fhir/ext/modul-onko/ValueSet/mii-vs-onko-tnm-l-kategorie-werte,2026.0.3,active,,MII_VS_Onko_TNM_L_Kategorie_Werte,MII VS Onkologie TNM L Kategorie Werte,"Das ValueSet enthält die TNM Codes für die Beurteilung der Lymphgefäßinvasion aus der UICC TNM - Klassifikation maligner Tumoren Achte Auflage.","StructureDefinition/mii-pr-onko-tnm-l-kategorie","Internal"
https://www.medizininformatik-initiative.de/fhir/ext/modul-onko/ValueSet/mii-vs-onko-tnm-m-kategorie,2026.0.3,active,,MII_VS_Onko_TNM_M_Kategorie,MII VS Onkologie TNM M Kategorie,"Codes für Codes zur Differenzierung der TNM M-Kategorie als entweder klinisch (cN) oder pathologisch (pN)","StructureDefinition/mii-pr-onko-tnm-m-kategorie","SCT"
https://www.medizininformatik-initiative.de/fhir/ext/modul-onko/ValueSet/mii-vs-onko-tnm-m-kategorie-werte,2026.0.3,active,,MII_VS_Onko_TNM_M_Kategorie_Werte,MII VS Onkologie TNM M Kategorie Werte,"Das ValueSet enthält die TNM M-Kategorie Codes aus der UICC TNM - Klassifikation maligner Tumoren Achte Auflage.","StructureDefinition/mii-pr-onko-tnm-m-kategorie","Internal"
https://www.medizininformatik-initiative.de/fhir/ext/modul-onko/ValueSet/mii-vs-onko-tnm-m-kategorie-werte-sct,2026.0.3,active,,MII_VS_Onko_TNM_M_Kategorie_Werte_SCT,MII VS Onkologie TNM M Kategorie Werte SNOMED CT,"SNOMED CT Codes für die TNM M-Kategorie (alle Präfix-Kombinationen: cM, pM, rcM, rpM).","StructureDefinition/mii-pr-onko-tnm-m-kategorie","SCT"
https://www.medizininformatik-initiative.de/fhir/ext/modul-onko/ValueSet/mii-vs-onko-tnm-m-symbol,2026.0.3,active,,MII_VS_Onko_TNM_m_Symbol,MII VS Onkologie TNM m-Symbol,"Kennzeichnet Vorhandensein multipler Primärtumoren in einem anatomischen Bezirk.","StructureDefinition/mii-pr-onko-tnm-m-symbol","Internal"
https://www.medizininformatik-initiative.de/fhir/ext/modul-onko/ValueSet/mii-vs-onko-tnm-n-kategorie,2026.0.3,active,,MII_VS_Onko_TNM_N_Kategorie,MII VS Onkologie TNM N Kategorie,"Codes für Codes zur Differenzierung der TNM N-Kategorie als entweder klinisch (cN) oder pathologisch (pN)","StructureDefinition/mii-pr-onko-tnm-n-kategorie","SCT"
https://www.medizininformatik-initiative.de/fhir/ext/modul-onko/ValueSet/mii-vs-onko-tnm-n-kategorie-werte,2026.0.3,active,,MII_VS_Onko_TNM_N_Kategorie_Werte,MII VS Onkologie TNM N Kategorie Werte,"Das ValueSet enthält die TNM N-Kategorie Codes aus der UICC TNM - Klassifikation maligner Tumoren Achte Auflage.","StructureDefinition/mii-pr-onko-tnm-n-kategorie","Internal"
https://www.medizininformatik-initiative.de/fhir/ext/modul-onko/ValueSet/mii-vs-onko-tnm-n-kategorie-werte-sct,2026.0.3,active,,MII_VS_Onko_TNM_N_Kategorie_Werte_SCT,MII VS Onkologie TNM N Kategorie Werte SNOMED CT,"SNOMED CT Codes für die TNM N-Kategorie (alle Präfix-Kombinationen: cN, pN, ycN, ypN, rcN, rpN).","StructureDefinition/mii-pr-onko-tnm-n-kategorie","SCT"
https://www.medizininformatik-initiative.de/fhir/ext/modul-onko/ValueSet/mii-vs-onko-tnm-pn-kategorie-werte,2026.0.3,active,,MII_VS_Onko_TNM_Pn_Kategorie_Werte,MII VS Onkologie TNM Pn Kategorie Werte,"Das ValueSet enthält die TNM Codes für den Grad der perineuralen Invasion aus der UICC TNM - Klassifikation maligner Tumoren Achte Auflage.","StructureDefinition/mii-pr-onko-tnm-pn-kategorie","Internal"
https://www.medizininformatik-initiative.de/fhir/ext/modul-onko/ValueSet/mii-vs-onko-tnm-s-kategorie-werte,2026.0.3,active,,MII_VS_Onko_TNM_S_Kategorie_Werte,MII VS Onkologie TNM S Kategorie Werte,"Das ValueSet enthält die TNM Codes für Serumtumormarker aus der UICC TNM - Klassifikation maligner Tumoren Achte Auflage.","StructureDefinition/mii-pr-onko-tnm-s-kategorie","Internal"
https://www.medizininformatik-initiative.de/fhir/ext/modul-onko/ValueSet/mii-vs-onko-tnm-sn-suffix,2026.0.3,active,,MII_VS_Onko_TNM_SN_Suffix,MII VS Onkologie TNM SN Suffix,"Das ValueSet enthält das Schildwächterlymphknoten (Sentinel Lymph Node) Suffix für die N-Kategorie aus der UICC TNM - Klassifikation maligner Tumoren Achte Auflage.","StructureDefinition/mii-ex-onko-tnm-sn-suffix","Internal"
https://www.medizininformatik-initiative.de/fhir/ext/modul-onko/ValueSet/mii-vs-onko-tnm-t-kategorie,2026.0.3,active,,MII_VS_Onko_TNM_T_Kategorie,MII VS Onkologie TNM T Kategorie,"Codes für Codes zur Differenzierung der TNM T-Kategorie als entweder klinisch (cT) oder pathologisch (pT)","StructureDefinition/mii-pr-onko-tnm-t-kategorie","SCT"
https://www.medizininformatik-initiative.de/fhir/ext/modul-onko/ValueSet/mii-vs-onko-tnm-t-kategorie-werte,2026.0.3,active,,MII_VS_Onko_TNM_T_Kategorie_Werte,MII VS Onkologie TNM T Kategorie Werte,"Das ValueSet enthält die TNM T-Kategorie Codes aus der UICC TNM - Klassifikation maligner Tumoren Achte Auflage.","StructureDefinition/mii-pr-onko-tnm-t-kategorie","Internal"
https://www.medizininformatik-initiative.de/fhir/ext/modul-onko/ValueSet/mii-vs-onko-tnm-t-kategorie-werte-sct,2026.0.3,active,,MII_VS_Onko_TNM_T_Kategorie_Werte_SCT,MII VS Onkologie TNM T Kategorie Werte SNOMED CT,"SNOMED CT Codes für die TNM T-Kategorie (alle Präfix-Kombinationen: cT, pT, ycT, ypT, rcT, rpT).","StructureDefinition/mii-pr-onko-tnm-t-kategorie","SCT"
https://www.medizininformatik-initiative.de/fhir/ext/modul-onko/ValueSet/mii-vs-onko-tnm-uicc-stadium,2026.0.3,active,,MII_VS_Onko_TNM_UICC_Stadium,MII VS Onkologie TNM UICC Stadium,"The ValueSet enthält Codes für die TNM-Stadien zur prognostischen Gruppeneinteilung von Patienten.","StructureDefinition/mii-pr-onko-tnm-klassifikation-synthetisiert,StructureDefinition/mii-pr-onko-tnm-klassifikation","Internal"
https://www.medizininformatik-initiative.de/fhir/ext/modul-onko/ValueSet/mii-vs-onko-tnm-v-kategorie-werte,2026.0.3,active,,MII_VS_Onko_TNM_V_Kategorie_Werte,MII VS Onkologie TNM V Kategorie Werte,"Das ValueSet enthält die TNM Codes für die Beurteilung der Veneninvasion aus der UICC TNM - Klassifikation maligner Tumoren Achte Auflage.","StructureDefinition/mii-pr-onko-tnm-v-kategorie","Internal"
https://www.medizininformatik-initiative.de/fhir/ext/modul-onko/ValueSet/mii-vs-onko-tnm-version,2026.0.3,active,,MII_VS_Onko_TNM_Version,MII VS Onkologie TNM Version,"Codes für TNM Version/Auflage nach welcher Version des TNM klassifiziert wird.","StructureDefinition/mii-pr-onko-tnm-m-kategorie,StructureDefinition/mii-pr-onko-tnm-l-kategorie,StructureDefinition/mii-pr-onko-tnm-s-kategorie,StructureDefinition/mii-pr-onko-tnm-t-kategorie,StructureDefinition/mii-pr-onko-tnm-klassifikation-synthetisiert,StructureDefinition/mii-pr-onko-tnm-n-kategorie,StructureDefinition/mii-pr-onko-tnm-klassifikation,StructureDefinition/mii-pr-onko-tnm-v-kategorie,StructureDefinition/mii-pr-onko-tnm-pn-kategorie","Internal"
https://www.medizininformatik-initiative.de/fhir/ext/modul-onko/ValueSet/mii-vs-onko-tod,2026.0.3,active,,MII_VS_Onko_Tod,MII VS Onkologie Tod,"Value Set für oBDS-Codes turmorbedingter Tod","StructureDefinition/mii-pr-onko-tod","Internal"
https://www.medizininformatik-initiative.de/fhir/ext/modul-onko/ValueSet/mii-vs-onko-verlauf-fernmetastasen,2026.0.3,active,,MII_VS_Onko_Verlauf_Fernmetastasen,MII VS Onkologie Verlauf Fernmetastasen,"oBDS-spezifisches ValueSet für die Beurteilung der Fernmetastasen im Behandlungsverlauf","StructureDefinition/mii-pr-onko-verlauf","Internal"
https://www.medizininformatik-initiative.de/fhir/ext/modul-onko/ValueSet/mii-vs-onko-verlauf-gesamtbeurteilung,2026.0.3,active,,MII_VS_Onko_Verlauf_Gesamtbeurteilung,MII VS Onkologie Verlauf Gesamtbeurteilung,"oBDS-spezifisches ValueSet für die Gesamtbeurteilung im Behandlungsverlauf","StructureDefinition/mii-pr-onko-verlauf","Internal"
https://www.medizininformatik-initiative.de/fhir/ext/modul-onko/ValueSet/mii-vs-onko-verlauf-lymphknoten,2026.0.3,active,,MII_VS_Onko_Verlauf_Lymphknoten,MII VS Onkologie Verlauf Lymphknoten,"oBDS-spezifisches ValueSet für die Beurteilung der Lymphknoten im Behandlungsverlauf","StructureDefinition/mii-pr-onko-verlauf","Internal"
https://www.medizininformatik-initiative.de/fhir/ext/modul-onko/ValueSet/mii-vs-onko-verlauf-primaertumor,2026.0.3,active,,MII_VS_Onko_Verlauf_Primaertumor,MII VS Onkologie Verlauf Primärtumor,"oBDS-spezifisches ValueSet für die Beurteilung des Primärtumors im Behandlungsverlauf","StructureDefinition/mii-pr-onko-verlauf","Internal"
https://www.medizininformatik-initiative.de/fhir/ext/modul-onko/ValueSet/mii-vs-onko-weitere-klassifikationen,2026.0.3,active,,MII_VS_Onko_Weitere_Klassifikationen,MII Value Set Onkologie - Weitere Klassifikationen,"Comprehensive collection of cancer staging systems and classification schemes used in oncology beyond TNM classification. This includes AJCC, FIGO, hematological classifications, and specialized organ-specific systems. Based on mCODE STU4 and German oBDS catalogue. Covers entity-specific classifications (e.g., FIGO for gynecological tumors), hematological classifications, and WHO classifications for CNS tumors.","StructureDefinition/mii-pr-onko-weitere-klassifikationen","SCT,hl7.terminology.r4"
https://www.medizininformatik-initiative.de/fhir/ext/modul-onko/ValueSet/mii-vs-onko-weitere-klassifikationen-auspraegungen,2026.0.3,active,,MII_VS_Onko_Weitere_Klassifikationen_Auspraegungen,MII Value Set Onkologie - Weitere Klassifikationen - Auspraegungen,"Comprehensive collection of cancer staging systems and classification schemes used in oncology beyond TNM classification. This includes AJCC, FIGO, hematological classifications, and specialized organ-specific systems. Based on mCODE STU4 and German oBDS catalogue. Covers entity-specific classifications (e.g., FIGO for gynecological tumors), hematological classifications, and WHO classifications for CNS tumors.","StructureDefinition/mii-pr-onko-weitere-klassifikationen","SCT,Internal"
https://www.medizininformatik-initiative.de/fhir/ext/modul-onko/ValueSet/mii-vs-strahlentherapie-ende-grund,2026.0.3,active,,MII_VS_Onko_Strahlentherapie_Ende_Grund,MII VS Onkologie Strahlentherapie Ende Grund,"oBDS-spezifisches ValueSet für Klassifikation des Grundes der Beendigung der Strahlentherapie","StructureDefinition/mii-pr-onko-strahlentherapie","Internal"
https://www.medizininformatik-initiative.de/fhir/ext/modul-onko/ValueSet/mii-vs-strahlentherapie-stellungzurop,2026.0.3,active,,MII_VS_Onko_Strahlentherapie_StellungZurOp,MII VS Onkologie Strahlentherapie Stellung zur OP,"oBDS-spezifisches ValueSet für Klassifikation von Stellung zur OP","StructureDefinition/mii-pr-onko-strahlentherapie,StructureDefinition/mii-ex-onko-strahlentherapie-stellungzurop","Internal"
https://www.medizininformatik-initiative.de/fhir/ext/modul-onko/ValueSet/mii-vs-strahlentherapie-strahlenart,2026.0.3,active,,MII_VS_Onko_Strahlentherapie_Strahlenart,MII VS Onkologie Strahlentherapie Strahlenart,"oBDS-spezifisches ValueSet für Klassifikation von Strahlenart bei Strahlentherapie","StructureDefinition/mii-pr-onko-strahlentherapie-bestrahlung-nuklearmedizin,StructureDefinition/mii-pr-onko-strahlentherapie-bestrahlung-strahlentherapie","Internal"
https://www.medizininformatik-initiative.de/fhir/ext/modul-onko/ValueSet/mii-vs-strahlentherapie-strahlungseinheit,2026.0.3,active,,MII_VS_Onko_Strahlentherapie_Strahlungseinheit,MII VS Onkologie Strahlentherapie Strahlungseinheit,"oBDS-spezifisches ValueSet für Strahlungseinheit en für Strahlen- und Nuklearmedizinische Therapie","StructureDefinition/mii-pr-onko-strahlentherapie-bestrahlung-nuklearmedizin,StructureDefinition/mii-ex-onko-strahlentherapie-bestrahlung-einzeldosis,StructureDefinition/mii-pr-onko-strahlentherapie-bestrahlung-strahlentherapie,StructureDefinition/mii-ex-onko-strahlentherapie-bestrahlung-gesamtdosis","UCUM"
https://www.medizininformatik-initiative.de/fhir/ext/modul-onko/ValueSet/mii-vs-strahlentherapie-zielgebiet,2026.0.3,active,,MII_VS_Onko_Strahlentherapie_Zielgebiet,MII VS Onkologie Strahlentherapie Zielgebiet,"oBDS-spezifisches ValueSet für Klassifikation von Zielgebiet bei Strahlentherapie - unterstützt sowohl oBDS 2021 als auch oBDS 2014 Legacy-Codes","StructureDefinition/mii-pr-onko-strahlentherapie-bestrahlung-nuklearmedizin,StructureDefinition/mii-pr-onko-strahlentherapie-bestrahlung-strahlentherapie","Internal"
https://www.medizininformatik-initiative.de/fhir/ext/modul-onko/ValueSet/mii-vs-systemische-therapie-ende-grund,2026.0.3,active,,MII_VS_Onko_Systemische_Therapie_Ende_Grund,MII VS Onkologie Systemische Therapie Ende Grund,"oBDS-spezifisches ValueSet für Klassifikation des Grundes der Beendigung der Systemischen Therapie","StructureDefinition/mii-pr-onko-systemische-therapie","Internal"
https://www.medizininformatik-initiative.de/fhir/ext/modul-onko/ValueSet/mii-vs-systemische-therapie-stellungzurop,2026.0.3,active,,MII_VS_Onko_Systemische_Therapie_StellungZurOp,MII VS Onkologie Systemische Therapie Stellung,"oBDS-spezifisches ValueSet für Klassifikation von Stellung zur OP","StructureDefinition/mii-ex-onko-systemische-therapie-stellungzurop,StructureDefinition/mii-pr-onko-systemische-therapie","Internal"
