Source File	Size	loadResources	load	generateSnapshots	load-configure	scan	loadDepInfo	loadInfo	checkR4R4B	generateNarratives	validate	loadLists	checkConformanceResources	checkConformanceResources2	checkConformanceResources3	generateLogicalMaps	validateExpressions	scanForUsageStats	checkURLsUnique	processProvenanceDetails	translate	generate1	generate2	generateLogicals	makeDependencies	generateExampleZip	generateValidationPack	scanProfilesForR5	scanExamplesForR5
/fsh-generated/resources/ImplementationGuide-mii-ig-onko-de-v2026.json	177711	-	0	0	0	0	0	0	30	93	0	0	0	0	1	0	0	3	0	0	54	598	1749	0	0	0	20	0	4
fsh-generated/resources/AdverseEvent-mii-exa-onko-oxaliplatin-neuropathy.json	1373	3	0	0	0	0	0	0	1	72	0	0	0	0	0	0	0	0	0	0	11	15	63	0	0	0	0	0	0
fsh-generated/resources/AdverseEvent-mii-pr-onko-nebenwirkung-0.json	884	2	0	0	1	0	0	0	0	10	0	0	0	0	0	0	0	0	0	0	9	10	51	0	0	0	0	0	0
fsh-generated/resources/AdverseEvent-mii-pr-onko-nebenwirkung-text.json	742	1	0	0	0	0	0	0	0	9	0	0	0	0	0	0	0	0	0	0	10	10	50	0	0	0	0	0	0
fsh-generated/resources/Bundle-mii-exa-onko-folfox-workflow-bundle.json	38320	12	30	0	0	0	0	0	3	742	0	0	0	0	0	0	0	0	0	0	20	129	360	0	0	0	0	0	0
fsh-generated/resources/Bundle-mii-exa-onko-krk-bundle.json	17065	6	13	0	0	0	0	0	2	2682	0	0	0	0	0	0	0	0	0	0	8	58	5876	0	0	0	0	0	0
fsh-generated/resources/Bundle-mii-exa-onko-mamma-example-bundle-1.json	12531	4	2	0	0	0	0	0	1	480	0	0	0	0	0	0	0	0	0	0	6	40	1496	0	0	0	0	0	0
fsh-generated/resources/Bundle-mii-exa-onko-melanom-bundle.json	13453	3	2	0	0	0	0	0	1	2415	0	0	0	0	0	0	0	0	0	0	6	42	7197	0	0	0	0	0	0
fsh-generated/resources/Bundle-mii-exa-onko-prostata-example-bundle-1.json	15975	3	3	0	0	0	0	0	2	15	0	0	0	0	0	0	0	0	0	0	6	54	92	0	0	0	0	0	0
fsh-generated/resources/CapabilityStatement-mii-cps-onko-capabilitystatement.json	89659	10	0	0	0	0	0	0	7	119	0	0	0	0	1	0	0	1	0	0	8	277	194	0	2	0	7	0	1
fsh-generated/resources/CarePlan-PatientKimMusterperson-Tumorkonferenz-1.json	2020	2	0	0	0	0	0	0	1	7	0	0	0	0	0	0	0	0	0	0	6	14	17	0	0	0	0	0	0
fsh-generated/resources/CarePlan-PatientKimMusterperson-Tumorkonferenz-2.json	1406	1	0	0	0	0	0	0	0	3	0	0	0	0	0	0	0	0	0	0	7	11	13	0	0	0	0	0	0
fsh-generated/resources/CarePlan-PatientKimMusterperson-Tumorkonferenz-3.json	1550	2	0	0	0	0	0	0	0	4	0	0	0	0	0	0	0	0	0	0	6	12	14	0	0	0	0	0	0
fsh-generated/resources/CarePlan-PatientKimMusterperson-Tumorkonferenz-4.json	1651	1	0	0	1	0	0	0	0	4	0	0	0	0	0	0	0	0	0	0	6	12	15	0	0	0	0	0	0
fsh-generated/resources/CarePlan-mii-exa-onko-tumorkonferenz-01.json	1006	1	0	0	0	0	0	0	0	4	0	0	0	0	0	0	0	0	0	0	5	9	12	0	0	0	0	0	0
fsh-generated/resources/CarePlan-mii-exa-onko-tumorkonferenz-02.json	1959	2	0	0	0	0	0	0	0	4	0	0	0	0	0	0	0	0	0	0	5	12	14	0	0	0	0	0	0
fsh-generated/resources/CarePlan-mii-exa-onko-tumorkonferenz-folfox-modification.json	1239	1	0	0	0	0	0	0	0	5	0	0	0	0	0	0	0	0	0	0	6	11	15	0	0	0	0	0	0
fsh-generated/resources/CarePlan-mii-exa-onko-tumorkonferenz-folfox.json	1201	1	0	0	0	0	0	0	1	3	0	0	0	0	0	0	0	0	0	0	5	12	15	0	0	0	0	0	0
fsh-generated/resources/CarePlan-mii-exa-onko-tumorkonferenz-mixed-approach.json	1481	2	0	0	0	0	0	0	0	4	0	0	0	0	0	0	0	0	0	0	5	12	16	0	0	0	0	0	0
fsh-generated/resources/CarePlan-mii-exa-onko-tumorkonferenz-molekular.json	2114	1	0	0	0	0	0	0	0	6	0	0	0	0	0	0	0	0	0	0	5	15	16	0	0	0	0	0	0
fsh-generated/resources/CarePlan-mii-exa-onko-tumorkonferenz-pure-molecular.json	1440	1	0	0	0	0	0	0	0	1001	0	0	0	0	0	0	0	0	0	0	5	15	19	0	0	0	0	0	0
fsh-generated/resources/CodeSystem-mii-cs-onko-allgemeiner-leistungszustand-ecog.json	2046	1	0	0	1	0	0	0	0	5	0	0	0	0	0	0	0	0	0	0	5	15	98	0	0	0	1	0	0
fsh-generated/resources/CodeSystem-mii-cs-onko-allgemeiner-leistungszustand-karnofsky.json	1721	1	0	0	0	0	0	0	1	3	0	0	0	0	1	0	0	0	0	0	4	14	84	0	0	0	0	0	0
fsh-generated/resources/CodeSystem-mii-cs-onko-asa-obds.json	1937	1	0	0	0	0	0	0	0	2	0	0	0	0	0	0	0	0	0	0	5	16	72	0	0	0	0	0	0
fsh-generated/resources/CodeSystem-mii-cs-onko-fernmetastasen.json	1759	1	0	0	0	0	0	0	0	3	0	0	0	0	1	0	0	0	0	0	5	15	74	0	0	0	0	0	1
fsh-generated/resources/CodeSystem-mii-cs-onko-genetische-variante-auspraegung.json	1325	1	0	0	0	0	0	0	0	2	0	0	0	0	1	0	0	0	0	0	4	11	67	0	0	0	1	0	0
fsh-generated/resources/CodeSystem-mii-cs-onko-grading.json	1984	1	0	0	0	0	0	0	1	3	0	0	0	0	1	0	0	0	0	0	4	15	61	0	0	0	0	0	0
fsh-generated/resources/CodeSystem-mii-cs-onko-intention.json	1351	1	0	0	0	0	0	0	0	2	0	0	0	0	0	0	0	0	0	0	3	12	63	0	0	0	0	0	0
fsh-generated/resources/CodeSystem-mii-cs-onko-krk-anastomoseninsuffizienz.json	1435	1	0	0	0	0	0	0	0	2	0	0	0	0	0	0	0	0	0	0	2	16	56	0	0	0	1	0	0
fsh-generated/resources/CodeSystem-mii-cs-onko-krk-mrt-mesorektale-faszie-status.json	1584	1	0	0	1	0	0	0	0	2	0	0	0	0	1	0	0	0	0	0	3	16	56	0	0	0	0	0	0
fsh-generated/resources/CodeSystem-mii-cs-onko-krk-operationstyp.json	1433	1	0	0	0	0	0	0	1	2	0	0	0	0	1	0	0	0	0	0	3	18	52	0	0	0	0	0	0
fsh-generated/resources/CodeSystem-mii-cs-onko-krk-stoma-anzeichnung.json	1780	1	0	0	0	0	0	0	0	1	0	0	0	0	3	0	0	0	0	0	4	17	49	0	0	0	1	0	0
fsh-generated/resources/CodeSystem-mii-cs-onko-krk-tme-qualitaet.json	1074	1	0	0	0	0	0	0	0	2	0	0	0	0	1	0	0	0	0	0	3	12	52	0	0	0	0	0	0
fsh-generated/resources/CodeSystem-mii-cs-onko-mamma-her2neu-status-leitlinie.json	1722	1	0	0	0	0	0	0	0	2	0	0	0	0	1	0	0	0	0	0	4	18	54	0	0	0	0	0	0
fsh-generated/resources/CodeSystem-mii-cs-onko-mamma-her2neu-status-obds.json	1247	1	0	0	0	0	0	0	0	2	0	0	0	0	1	0	0	0	0	0	3	14	49	0	0	0	0	0	0
fsh-generated/resources/CodeSystem-mii-cs-onko-mamma-rezeptorstatus-leitlinie.json	1338	1	0	0	0	0	0	0	1	3	0	0	0	0	1	0	0	0	0	0	4	15	48	0	0	0	0	0	0
fsh-generated/resources/CodeSystem-mii-cs-onko-melanom-ulzeration.json	1074	1	0	0	0	0	0	0	0	2	0	0	0	0	0	0	0	0	0	0	3	14	48	0	0	0	1	0	0
fsh-generated/resources/CodeSystem-mii-cs-onko-nebenwirkung-ctcae-grad.json	1585	1	0	0	1	0	0	0	0	3	0	0	0	0	1	0	0	0	0	0	3	16	48	0	0	0	0	0	0
fsh-generated/resources/CodeSystem-mii-cs-onko-operation-komplikation.json	7443	2	0	0	0	0	0	0	1	13	0	0	0	0	0	0	0	0	0	0	5	70	86	0	0	0	1	0	0
fsh-generated/resources/CodeSystem-mii-cs-onko-operation-urgency.json	1395	1	0	0	0	0	0	0	0	3	0	0	0	0	1	0	0	0	0	0	4	12	44	0	0	0	2	0	0
fsh-generated/resources/CodeSystem-mii-cs-onko-primaertumor-diagnosesicherung.json	3939	1	0	0	0	0	0	0	1	6	0	0	0	0	0	0	0	0	0	0	5	23	56	0	0	0	1	0	0
fsh-generated/resources/CodeSystem-mii-cs-onko-prostata-postsurgical-complications.json	1173	1	0	0	0	0	0	0	0	2	0	0	0	0	0	0	0	0	0	0	4	11	55	0	0	0	0	0	0
fsh-generated/resources/CodeSystem-mii-cs-onko-residualstatus.json	1541	1	0	0	0	0	0	0	0	2	0	0	0	0	1	0	0	0	0	0	4	15	46	0	0	0	0	0	0
fsh-generated/resources/CodeSystem-mii-cs-onko-seitenlokalisation.json	1432	1	0	0	1	0	0	0	1	3	0	0	0	0	0	0	0	0	0	0	3	17	39	0	0	0	0	0	0
fsh-generated/resources/CodeSystem-mii-cs-onko-strahlentherapie-applikationsart.json	3630	1	0	0	0	0	0	0	0	5	0	0	0	0	1	0	0	0	0	0	3	29	51	0	0	0	1	0	0
fsh-generated/resources/CodeSystem-mii-cs-onko-strahlentherapie-boost.json	1377	1	0	0	0	0	0	0	0	2	0	0	0	0	1	0	0	0	0	0	3	11	44	0	0	0	0	0	0
fsh-generated/resources/CodeSystem-mii-cs-onko-strahlentherapie-strahlenart.json	2372	1	0	0	0	0	0	0	1	3	0	0	0	0	0	0	0	1	0	0	2	18	1965	0	0	0	0	0	0
fsh-generated/resources/CodeSystem-mii-cs-onko-strahlentherapie-zielgebiet-2014.json	12370	4	0	0	0	0	0	0	2	19	0	0	1	0	1	0	0	0	0	0	4	98	176	0	0	0	3	0	0
fsh-generated/resources/CodeSystem-mii-cs-onko-strahlentherapie-zielgebiet.json	8298	2	0	0	1	0	0	0	2	9	0	0	0	0	1	0	0	0	0	0	3	59	2025	0	0	0	1	0	0
fsh-generated/resources/CodeSystem-mii-cs-onko-studienteilnahme.json	1002	1	0	0	0	0	0	0	0	2	0	0	0	0	0	0	0	0	0	0	3	13	46	0	0	0	0	0	0
fsh-generated/resources/CodeSystem-mii-cs-onko-systemische-therapie-protokolle.json	21883	5	0	0	0	0	0	0	3	23	0	0	0	0	1	0	0	0	0	0	5	130	150	0	0	0	4	0	0
fsh-generated/resources/CodeSystem-mii-cs-onko-therapie-ende-grund.json	1730	1	0	0	0	0	0	0	0	2	0	0	0	0	0	0	0	0	0	0	3	14	50	0	0	0	0	0	0
fsh-generated/resources/CodeSystem-mii-cs-onko-therapie-stellungzurop.json	1264	1	0	0	0	0	0	0	1	2	0	0	0	0	1	0	0	0	0	0	3	10	50	0	0	0	0	0	0
fsh-generated/resources/CodeSystem-mii-cs-onko-therapie-typ.json	2092	1	0	0	0	0	0	0	0	3	0	0	0	0	0	0	0	0	0	0	2	17	52	0	0	0	1	0	0
fsh-generated/resources/CodeSystem-mii-cs-onko-therapieabweichung.json	1043	0	0	0	0	0	0	0	0	2	0	0	0	0	1	0	0	0	0	0	2	10	48	0	0	0	0	0	0
fsh-generated/resources/CodeSystem-mii-cs-onko-therapieplanung-typ.json	1354	1	0	0	0	0	0	0	0	2	0	0	0	0	0	0	0	0	0	0	2	12	46	0	0	0	0	0	0
fsh-generated/resources/CodeSystem-mii-cs-onko-tnm-uicc.json	10009	4	0	0	1	0	0	0	2	11	0	0	0	0	1	0	0	1	0	0	4	66	108	0	0	0	2	0	1
fsh-generated/resources/CodeSystem-mii-cs-onko-tnm-version.json	1514	0	0	0	0	0	0	0	1	2	0	0	0	0	0	0	0	0	0	0	2	13	48	0	0	0	0	0	0
fsh-generated/resources/CodeSystem-mii-cs-onko-tod.json	1211	1	0	0	0	0	0	0	0	2	0	0	0	0	0	0	0	0	0	0	3	15	44	0	0	0	0	0	0
fsh-generated/resources/CodeSystem-mii-cs-onko-verlauf-fernmetastasen.json	1513	1	0	0	0	0	0	0	0	2	0	0	0	0	1	0	0	0	0	0	2	14	82	0	0	0	0	0	0
fsh-generated/resources/CodeSystem-mii-cs-onko-verlauf-gesamtbeurteilung.json	1770	1	0	0	0	0	0	0	0	3	0	0	0	0	0	0	0	0	0	0	2	14	54	0	0	0	1	0	0
fsh-generated/resources/CodeSystem-mii-cs-onko-verlauf-lymphknoten.json	1519	1	0	0	0	0	0	0	0	2	0	0	0	0	1	0	0	0	0	0	2	14	50	0	0	0	0	0	0
fsh-generated/resources/CodeSystem-mii-cs-onko-verlauf-primaertumor.json	1477	1	0	0	0	0	0	0	1	2	0	0	0	0	0	0	0	0	0	0	2	12	52	0	0	0	0	0	0
fsh-generated/resources/CodeSystem-mii-cs-onko-weitere-klassifikationen-obds.json	34328	4	0	0	0	0	0	0	4	20	0	0	0	0	1	0	0	0	0	0	5	182	195	0	0	0	6	0	0
fsh-generated/resources/ConceptMap-mii-cm-mii-to-mvgenomseq-condition-diagnose-primaertumor.json	541	1	0	0	0	0	0	0	0	1914	0	0	0	0	1	0	0	0	0	0	4	8	39	0	0	0	0	0	0
fsh-generated/resources/ConceptMap-mii-cm-onko-allgemeiner-leistungszustand-ecog-loinc.json	3511	1	0	0	0	0	0	0	0	4	0	0	0	0	0	0	0	0	0	0	3	18	38	0	0	0	1	0	0
fsh-generated/resources/ConceptMap-mii-cm-onko-allgemeiner-leistungszustand-karnofsky-loinc.json	4188	1	0	0	0	0	0	0	0	3	0	0	0	0	1	0	0	0	0	0	4	19	42	0	0	0	0	0	0
fsh-generated/resources/ConceptMap-mii-cm-onko-allgemeiner-leistungszustand-sct.json	3509	1	0	0	0	0	0	0	1	1961	0	0	0	0	0	0	0	0	0	0	3	17	44	0	0	0	0	0	0
fsh-generated/resources/ConceptMap-mii-cm-onko-asa-obds-loinc.json	2709	1	0	0	0	0	0	0	0	2	0	0	0	0	1	0	0	0	0	0	4	14	34	0	0	0	1	0	0
fsh-generated/resources/ConceptMap-mii-cm-onko-atc-transitions-2021.json	18763	2	0	0	1	0	0	0	2	7	0	0	0	0	0	0	0	1	0	0	4	65	56	0	0	0	1	0	0
fsh-generated/resources/ConceptMap-mii-cm-onko-atc-transitions-2023.json	2207	1	0	0	0	0	0	0	0	2	0	0	0	0	1	0	0	0	0	0	3	13	29	0	1	0	1	0	0
fsh-generated/resources/ConceptMap-mii-cm-onko-atc-transitions-2024.json	5701	1	0	0	0	0	0	0	1	3	0	0	0	0	0	0	0	0	0	0	3	23	44	0	0	0	0	0	0
fsh-generated/resources/ConceptMap-mii-cm-onko-atc-transitions-2025.json	1739	1	0	0	0	0	0	0	0	2	0	0	0	0	1	0	0	0	0	0	3	11	35	0	0	0	0	0	0
fsh-generated/resources/ConceptMap-mii-cm-onko-atc-transitions-2026.json	1839	1	0	0	0	0	0	0	0	1	0	0	0	0	0	0	0	0	0	0	2	11	34	0	0	0	1	0	0
fsh-generated/resources/ConceptMap-mii-cm-onko-fernmetastasen-sct.json	4493	1	0	0	0	0	0	0	1	9	0	0	0	0	1	0	0	0	0	0	3	19	42	0	0	0	0	0	0
fsh-generated/resources/ConceptMap-mii-cm-onko-genetische-variante-auspraegung-sct.json	2728	1	0	0	0	0	0	0	0	6	0	0	0	0	0	0	0	0	0	0	2	14	32	0	0	0	0	0	0
fsh-generated/resources/ConceptMap-mii-cm-onko-grading-sct.json	4989	1	0	0	0	0	0	0	1	5	0	0	0	0	1	0	0	0	0	0	2	21	40	0	0	0	1	0	1
fsh-generated/resources/ConceptMap-mii-cm-onko-intention-sct.json	3069	1	0	0	0	0	0	0	0	5	0	0	0	0	1	0	0	0	0	0	1	15	33	0	0	0	0	0	0
fsh-generated/resources/ConceptMap-mii-cm-onko-krk-stoma-obds-sct.json	2004	0	0	0	0	0	0	0	0	1	0	0	0	0	0	0	0	0	0	0	2	12	24	0	0	0	0	0	0
fsh-generated/resources/ConceptMap-mii-cm-onko-nebenwirkung-sct.json	2876	1	0	0	0	0	0	0	1	5	0	0	0	0	1	0	0	0	0	0	2	15	28	0	0	0	0	0	0
fsh-generated/resources/ConceptMap-mii-cm-onko-operation-komplikation-sct.json	26782	4	0	0	0	0	0	0	2	9	0	0	0	0	0	0	0	0	0	0	3	96	77	0	0	0	3	0	0
fsh-generated/resources/ConceptMap-mii-cm-onko-primaertumor-diagnosesicherung-sct.json	6258	1	0	0	0	0	0	0	1	5	0	0	0	0	1	0	0	0	1	0	2	27	43	0	0	0	0	0	0
fsh-generated/resources/ConceptMap-mii-cm-onko-residualstatus-uicc-sct.json	2611	1	0	0	0	0	0	0	0	3	0	0	0	0	1	0	0	0	0	0	2	14	37	0	0	0	1	0	0
fsh-generated/resources/ConceptMap-mii-cm-onko-seitenlokalisation-sct.json	2612	1	0	0	0	0	0	0	1	3	0	0	0	0	0	0	0	0	0	0	2	16	38	0	0	0	0	0	0
fsh-generated/resources/ConceptMap-mii-cm-onko-strahlentherapie-applikationsart-sct.json	7779	1	0	0	0	0	0	0	1	4	0	0	0	0	1	0	0	0	0	0	2	32	52	0	0	0	1	0	0
fsh-generated/resources/ConceptMap-mii-cm-onko-strahlentherapie-boost-sct.json	2432	1	0	0	0	0	0	0	0	3	0	0	0	0	0	0	0	0	0	0	2	14	28	0	0	0	0	0	0
fsh-generated/resources/ConceptMap-mii-cm-onko-strahlentherapie-strahlenart-sct.json	7111	2	0	0	0	0	0	0	0	4	0	0	0	0	1	0	0	1	0	0	2	33	35	0	0	0	1	0	0
fsh-generated/resources/ConceptMap-mii-cm-onko-strahlentherapie-strahleneinheit-sct.json	2040	0	0	0	0	0	0	0	1	3	0	0	0	0	0	0	0	0	0	0	2	12	26	0	0	0	0	0	0
fsh-generated/resources/ConceptMap-mii-cm-onko-strahlentherapie-zielgebiet-sct.json	32433	5	0	0	0	0	0	0	3	9	0	0	0	0	1	0	0	0	0	0	3	110	78	0	0	0	3	0	0
fsh-generated/resources/ConceptMap-mii-cm-onko-studienteilnahme-sct.json	1756	1	0	0	0	0	0	0	0	3	0	0	0	0	1	0	0	0	0	0	2	11	31	0	0	0	0	0	0
fsh-generated/resources/ConceptMap-mii-cm-onko-therapie-ende-sct.json	4067	1	0	0	1	0	0	0	1	5	0	0	0	0	0	0	0	0	0	0	1	18	32	0	0	0	1	0	0
fsh-generated/resources/ConceptMap-mii-cm-onko-therapie-stellung-sct.json	2564	0	0	0	0	0	0	0	0	3	0	0	0	0	1	0	0	0	0	0	2	12	26	0	0	0	0	0	0
fsh-generated/resources/ConceptMap-mii-cm-onko-therapie-typ-sct.json	6739	2	0	0	0	0	0	0	0	3	0	0	0	0	0	0	0	0	0	0	2	27	40	0	0	0	0	0	0
fsh-generated/resources/ConceptMap-mii-cm-onko-therapieabweichung-sct.json	1762	0	0	0	0	0	0	0	1	3	0	0	0	0	1	0	0	0	0	0	1	11	30	0	0	0	1	0	0
fsh-generated/resources/ConceptMap-mii-cm-onko-therapieplanung-sct.json	2228	1	0	0	0	0	0	0	0	3	0	0	0	0	0	0	0	0	0	0	2	11	30	0	0	0	0	0	0
fsh-generated/resources/ConceptMap-mii-cm-onko-tnm-uicc-sct-clinical.json	35990	5	0	0	0	0	0	0	3	8	0	0	0	0	1	0	0	1	0	0	3	112	146	0	0	0	2	0	0
fsh-generated/resources/ConceptMap-mii-cm-onko-tnm-uicc-sct-pathological.json	35888	5	0	0	0	0	0	0	5	10	0	0	0	0	0	0	0	0	0	0	4	115	73	0	0	0	3	0	1
fsh-generated/resources/ConceptMap-mii-cm-onko-tod-sct.json	1918	1	0	0	0	0	0	0	0	4	0	0	0	0	1	0	0	0	0	0	2	12	27	0	0	0	0	0	0
fsh-generated/resources/ConceptMap-mii-cm-onko-verlauf-fernmetastasen-sct.json	3669	1	0	0	0	0	0	0	0	3	0	0	0	0	0	0	0	0	0	0	1	17	35	0	0	0	0	0	0
fsh-generated/resources/ConceptMap-mii-cm-onko-verlauf-gesamtbeurteilung-sct.json	4196	1	0	0	0	0	0	0	1	4	0	0	0	0	0	0	0	0	0	0	2	19	30	0	0	0	1	0	0
fsh-generated/resources/ConceptMap-mii-cm-onko-verlauf-lymphknoten-sct.json	3339	1	0	0	0	0	0	0	0	2	0	0	0	0	1	0	0	0	0	0	2	16	29	0	0	0	0	0	0
fsh-generated/resources/ConceptMap-mii-cm-onko-verlauf-primaertumor-sct.json	3303	1	0	0	0	0	0	0	0	3	0	0	0	0	0	0	0	0	0	0	2	16	28	0	0	0	0	0	0
fsh-generated/resources/ConceptMap-mii-cm-onkologie-to-mvgenomseq.json	8680	1	0	0	0	0	0	0	1	1954	0	0	0	0	1	0	0	0	0	0	3	33	42	0	1	0	1	0	0
fsh-generated/resources/Condition-PatientKimMusterperson-Diagnosis-1.json	1642	1	0	0	0	0	0	0	0	3	0	0	0	0	0	0	0	0	0	0	1	10	15	0	0	0	0	0	0
fsh-generated/resources/Condition-PatientKimMusterperson-PrimaryDiagnosis-2.json	1606	1	0	0	0	0	0	0	0	1	0	0	0	0	0	0	0	0	0	0	2	12	12	0	0	0	0	0	0
fsh-generated/resources/Condition-mii-exa-onko-ascending-colon-cancer-diagnosis.json	1496	1	0	0	0	0	0	0	1	4	0	0	0	0	0	0	0	0	0	0	2	10	14	0	0	0	0	0	0
fsh-generated/resources/Condition-mii-exa-onko-colorectal-cancer-diagnosis.json	1487	0	0	0	0	0	0	0	0	2	0	0	0	0	0	0	0	0	0	0	1	11	15	0	0	0	0	0	0
fsh-generated/resources/Condition-mii-exa-onko-diagnose.json	2487	0	0	0	0	0	0	0	0	2	0	0	0	0	0	0	0	0	0	0	2	12	15	0	0	0	0	0	0
fsh-generated/resources/Condition-mii-exa-onko-fruehere-tumorerkrankung-cervix.json	1340	1	0	0	0	0	0	0	0	3	0	0	0	0	0	0	0	0	0	0	1	9	13	0	0	0	0	0	0
fsh-generated/resources/Condition-mii-exa-onko-fruehere-tumorerkrankung-freetext.json	1096	1	0	0	0	0	0	0	0	3	0	0	0	0	0	0	0	0	0	0	2	8	12	0	0	0	0	0	0
fsh-generated/resources/Condition-mii-exa-onko-fruehere-tumorerkrankung-mamma.json	1659	1	0	0	0	0	0	0	1	4	0	0	0	0	0	0	0	0	0	0	1	10	14	0	0	0	0	0	0
fsh-generated/resources/Condition-mii-exa-onko-fruehere-tumorerkrankung-prostata.json	1635	0	0	0	0	0	0	0	0	3	0	0	0	0	0	0	0	0	0	0	2	10	13	0	0	0	0	0	0
fsh-generated/resources/Condition-mii-exa-onko-krk-diagnose.json	1064	1	0	0	1	0	0	0	0	2	0	0	0	0	0	0	0	0	0	0	2	7	13	0	0	0	0	0	0
fsh-generated/resources/Condition-mii-exa-onko-mamma-diagnose.json	1101	1	0	0	0	0	0	0	0	2	0	0	0	0	0	0	0	0	0	0	1	8	13	0	0	0	0	0	0
fsh-generated/resources/Condition-mii-exa-onko-melanom-diagnose.json	1440	1	0	0	0	0	0	0	0	2	0	0	0	0	0	0	0	0	0	0	2	9	15	0	0	0	0	0	0
fsh-generated/resources/Condition-mii-exa-onko-prostata-diagnose.json	1085	1	0	0	0	0	0	0	0	1	0	0	0	0	0	0	0	0	0	0	1	8	11	0	0	0	0	0	0
fsh-generated/resources/Condition-primaertumor-example.json	1102	0	0	0	0	0	0	0	0	2	0	0	0	0	0	0	0	0	0	0	2	8	11	0	0	0	0	0	0
fsh-generated/resources/DiagnosticReport-PatientKimMusterperson-PathoReport-1.json	855	2	0	0	0	0	0	0	0	1	0	0	0	0	0	0	0	0	0	0	1	9	13	0	0	0	0	0	0
fsh-generated/resources/DiagnosticReport-mii-exa-onko-befund-1.json	725	0	0	0	0	0	0	0	1	1446	0	0	0	0	0	0	0	0	0	0	2	7	13	0	0	0	0	0	0
fsh-generated/resources/Encounter-mii-exa-onko-krk-bundle-encounter.json	322	1	0	0	0	0	0	0	0	1	0	0	0	0	0	0	0	0	0	0	2	5	9	0	0	0	0	0	0
fsh-generated/resources/Encounter-mii-exa-onko-mamma-bundle-encounter.json	326	1	0	0	0	0	0	0	0	1	0	0	0	0	0	0	0	0	0	0	1	4	10	0	0	0	0	0	0
fsh-generated/resources/Encounter-mii-exa-onko-melanom-bundle-encounter.json	330	1	0	0	0	0	0	0	0	1	0	0	0	0	0	0	0	0	0	0	2	5	10	0	0	0	0	0	0
fsh-generated/resources/Encounter-mii-exa-onko-prostata-bundle-encounter.json	332	0	0	0	0	0	0	0	0	1	0	0	0	0	0	0	0	0	0	0	1	5	10	0	0	0	0	0	0
fsh-generated/resources/List-mii-exa-onko-liste-evidenz-erstdiagnose-1.json	1304	1	0	0	0	0	0	0	0	10	0	5	0	0	0	0	0	0	0	0	2	13	47	0	0	0	0	0	0
fsh-generated/resources/MedicationRequest-mii-exa-onko-cdk46-class-medication.json	1042	1	0	0	0	0	0	0	0	3	0	0	0	0	0	0	0	0	0	0	2	9	16	0	0	0	0	0	0
fsh-generated/resources/MedicationRequest-mii-exa-onko-folfox-5fu-request.json	762	1	0	0	0	0	0	0	0	1	0	0	0	0	0	0	0	0	0	0	1	6	11	0	0	0	0	0	0
fsh-generated/resources/MedicationRequest-mii-exa-onko-folfox-leucovorin-request.json	774	1	0	0	0	0	0	0	0	2	0	0	0	0	0	0	0	0	0	0	3	8	13	0	0	0	0	0	0
fsh-generated/resources/MedicationRequest-mii-exa-onko-folfox-oxaliplatin-request.json	759	0	0	0	0	0	0	0	0	1	0	0	0	0	0	0	0	0	0	0	4	7	14	0	0	0	0	0	0
fsh-generated/resources/MedicationRequest-mii-exa-onko-modification-5fu-request.json	853	1	0	0	0	0	0	0	0	3	0	0	0	0	0	0	0	0	0	0	2	8	18	0	0	0	0	0	0
fsh-generated/resources/MedicationRequest-mii-exa-onko-modification-leucovorin-request.json	865	1	0	0	0	0	0	0	1	2	0	0	0	0	0	0	0	0	0	0	2	8	20	0	0	0	0	0	0
fsh-generated/resources/MedicationRequest-mii-exa-onko-modification-oxaliplatin-request.json	1239	0	0	0	0	0	0	0	0	3	0	0	0	0	0	0	0	0	0	0	2	9	13	0	0	0	0	0	0
fsh-generated/resources/MedicationRequest-mii-exa-onko-tdm1-option.json	886	1	0	0	0	0	0	0	0	2	0	0	0	0	0	0	0	0	0	0	2	8	15	0	0	0	0	0	0
fsh-generated/resources/MedicationRequest-mii-exa-onko-tucatinib-option.json	891	1	0	0	0	0	0	0	0	2	0	0	0	0	0	0	0	0	0	0	2	8	16	0	0	0	0	0	0
fsh-generated/resources/MedicationStatement-PatientKimMusterperson-SystemicTherapyMedication-1a.json	806	1	0	0	0	0	0	0	0	1	0	0	0	0	0	0	0	0	0	0	2	8	15	0	0	0	0	0	0
fsh-generated/resources/MedicationStatement-PatientKimMusterperson-SystemicTherapyMedication-1b.json	807	1	0	0	1	0	0	0	0	2	0	0	0	0	0	0	0	0	0	0	3	7	13	0	0	0	0	0	0
fsh-generated/resources/MedicationStatement-PatientKimMusterperson-SystemicTherapyMedication-2a.json	807	1	0	0	0	0	0	0	0	1	0	0	0	0	0	0	0	0	0	0	2	8	13	0	0	0	0	0	0
fsh-generated/resources/MedicationStatement-PatientKimMusterperson-SystemicTherapyMedication-2b.json	808	1	0	0	0	0	0	0	0	2	0	0	0	0	0	0	0	0	0	0	1	7	13	0	0	0	0	0	0
fsh-generated/resources/MedicationStatement-PatientKimMusterperson-SystemicTherapyMedication-3.json	780	1	0	0	0	0	0	0	0	1	0	0	0	0	0	0	0	0	0	0	2	7	12	0	0	0	0	0	0
fsh-generated/resources/MedicationStatement-mii-exa-onko-folfox-5fu-statement.json	917	1	0	0	0	0	0	0	1	2	0	0	0	0	0	0	0	0	0	0	1	8	13	0	0	0	0	0	0
fsh-generated/resources/MedicationStatement-mii-exa-onko-folfox-leucovorin-statement.json	929	0	0	0	0	0	0	0	0	3	0	0	0	0	0	0	0	0	0	0	2	9	12	0	0	0	0	0	0
fsh-generated/resources/MedicationStatement-mii-exa-onko-folfox-oxaliplatin-statement.json	914	1	0	0	0	0	0	0	0	1	0	0	0	0	0	0	0	0	0	0	1	8	13	0	0	0	0	0	0
fsh-generated/resources/MedicationStatement-mii-exa-onko-medikation-iberdomide-unii.json	915	1	0	0	0	0	0	0	0	4	0	0	0	0	0	0	0	0	0	0	2	8	13	0	0	0	0	0	0
fsh-generated/resources/MedicationStatement-mii-exa-onko-medikation-imatinib-atc-version-transition.json	1121	1	0	0	0	0	0	0	0	3	0	0	0	0	0	0	0	0	0	0	1	9	13	0	0	0	0	0	0
fsh-generated/resources/MedicationStatement-mii-exa-onko-modification-5fu-phase1.json	936	1	0	0	0	0	0	0	0	2	0	0	0	0	0	0	0	0	0	0	2	8	12	0	0	0	0	0	0
fsh-generated/resources/MedicationStatement-mii-exa-onko-modification-5fu-phase2.json	956	0	0	0	0	0	0	0	0	3	0	0	0	0	0	0	0	0	0	0	1	8	13	0	0	0	0	0	0
fsh-generated/resources/MedicationStatement-mii-exa-onko-modification-leucovorin-phase1.json	948	1	0	0	0	0	0	0	0	3	0	0	0	0	0	0	0	0	0	0	2	8	13	0	0	0	0	0	0
fsh-generated/resources/MedicationStatement-mii-exa-onko-modification-leucovorin-phase2.json	968	1	0	0	0	0	0	0	0	3	0	0	0	0	0	0	0	0	0	0	2	9	14	0	0	0	0	0	0
fsh-generated/resources/MedicationStatement-mii-exa-onko-modification-oxaliplatin-phase1.json	1409	1	0	0	0	0	0	0	1	2	0	0	0	0	0	0	0	0	0	0	1	10	13	0	0	1	0	0	0
fsh-generated/resources/MedicationStatement-mii-exa-onko-systemische-therapie-medikation1.json	815	0	0	0	0	0	0	0	0	3	0	0	0	0	0	0	0	0	0	0	2	7	11	0	0	0	0	0	0
fsh-generated/resources/MedicationStatement-mii-exa-onko-systemische-therapie-medikation2.json	811	1	0	0	0	0	0	0	0	1	0	0	0	0	0	0	0	0	0	0	1	7	11	0	0	0	0	0	0
fsh-generated/resources/Observation-PatientKimMusterperson-Verlauf-2022-01-22.json	2087	1	0	0	0	0	0	0	0	2	0	0	0	0	0	0	0	0	0	0	2	11	12	0	0	0	0	0	0
fsh-generated/resources/Observation-TNM-Klassifikation-Observation-2.json	877	1	0	0	0	0	0	0	0	1	0	0	0	0	0	0	0	0	0	0	1	7	14	0	0	0	0	0	0
fsh-generated/resources/Observation-TNM-L-Observation-2.json	957	1	0	0	0	0	0	0	0	1136	0	0	0	0	0	0	0	0	0	0	2	8	11	0	0	0	0	0	0
fsh-generated/resources/Observation-TNM-M-Observation-2.json	1377	1	0	0	1	0	0	0	0	2	0	0	0	0	0	0	0	0	0	0	1	8	11	0	0	0	0	0	0
fsh-generated/resources/Observation-TNM-Pn-Observation-2.json	960	1	0	0	0	0	0	0	0	997	0	0	0	0	0	0	0	0	0	0	2	8	11	0	0	0	0	0	0
fsh-generated/resources/Observation-TNM-T-Observation-2.json	1377	2	0	0	0	0	0	0	1	2	0	0	0	0	0	0	0	0	0	0	1	9	11	0	0	0	0	0	0
fsh-generated/resources/Observation-TNM-V-Observation-2.json	957	1	0	0	0	0	0	0	0	966	0	0	0	0	0	0	0	0	0	0	2	7	10	0	0	0	0	0	0
fsh-generated/resources/Observation-TNM-y-Symbol-Observation-2.json	949	1	0	0	0	0	0	0	0	1989	0	0	0	0	0	0	0	0	0	0	1	8	13	0	0	0	0	0	0
fsh-generated/resources/Observation-mii-exa-onko-allgemeiner-leistungszustand-ecog.json	953	1	0	0	0	0	0	0	0	986	0	0	0	0	0	0	0	0	0	0	2	8	10	0	0	0	0	0	0
fsh-generated/resources/Observation-mii-exa-onko-allgemeiner-leistungszustand-karnofsky.json	841	1	0	0	0	0	0	0	0	969	0	0	0	0	0	0	0	0	0	0	1	7	8	0	0	0	0	0	1
fsh-generated/resources/Observation-mii-exa-onko-anzahl-befallene-lymphknoten-0.json	880	1	0	0	0	0	0	0	0	962	0	0	0	0	0	0	0	0	0	0	2	8	10	0	0	0	0	0	0
fsh-generated/resources/Observation-mii-exa-onko-anzahl-befallene-sentinel-lymphknoten-0.json	915	1	0	0	0	0	0	0	0	969	0	0	0	0	0	0	0	0	0	0	1	8	12	0	0	0	0	0	0
fsh-generated/resources/Observation-mii-exa-onko-anzahl-untersuchte-lymphknoten-23.json	886	1	0	0	1	0	0	0	0	937	0	0	0	0	0	0	0	0	0	0	2	7	9	0	0	0	0	0	0
fsh-generated/resources/Observation-mii-exa-onko-anzahl-untersuchte-sentinel-lymphknoten-0.json	932	1	0	0	0	0	0	0	0	957	0	0	0	0	0	0	0	0	0	0	1	8	14	0	0	0	0	0	0
fsh-generated/resources/Observation-mii-exa-onko-asa-klassifikation.json	913	1	0	0	0	0	1	0	0	1	0	0	0	0	0	0	0	0	0	0	2	7	16	0	0	0	0	0	0
fsh-generated/resources/Observation-mii-exa-onko-ascending-colon-tnm-m.json	1178	1	0	0	0	0	0	0	1	2	0	0	0	0	0	0	0	0	0	0	1	8	17	0	0	0	0	0	0
fsh-generated/resources/Observation-mii-exa-onko-ascending-colon-tnm-n.json	1178	2	0	0	0	0	0	0	0	2	0	0	0	0	0	0	0	0	0	0	2	7	14	0	0	0	0	0	0
fsh-generated/resources/Observation-mii-exa-onko-ascending-colon-tnm-t.json	1178	1	0	0	0	0	0	0	0	2	0	0	0	0	0	0	0	0	0	0	2	8	10	0	0	0	0	0	0
fsh-generated/resources/Observation-mii-exa-onko-ascending-colon-tnm.json	1299	1	0	0	0	0	0	0	0	2	0	0	0	0	0	0	0	0	0	0	1	9	16	0	0	0	0	0	0
fsh-generated/resources/Observation-mii-exa-onko-colorectal-tnm-m.json	1372	1	0	0	0	0	0	0	0	1	0	0	0	0	0	0	0	0	0	0	2	10	11	0	0	0	0	0	0
fsh-generated/resources/Observation-mii-exa-onko-colorectal-tnm-n.json	1372	1	0	0	0	0	0	0	0	1	0	0	0	0	0	0	0	0	0	0	1	9	12	0	0	0	0	0	0
fsh-generated/resources/Observation-mii-exa-onko-colorectal-tnm-t.json	1372	2	0	0	0	0	0	0	0	0	0	0	0	0	0	0	0	0	0	0	1	8	11	0	0	0	0	0	0
fsh-generated/resources/Observation-mii-exa-onko-colorectal-tnm.json	1248	1	0	0	0	0	0	0	1	2	0	0	0	0	0	0	0	0	0	0	2	10	15	0	0	0	0	0	0
fsh-generated/resources/Observation-mii-exa-onko-fernmetastasen-1.json	729	1	0	0	1	0	0	0	0	979	0	0	0	0	0	0	0	0	0	0	1	6	8	0	0	0	0	0	0
fsh-generated/resources/Observation-mii-exa-onko-folfox-verlauf-6months.json	2958	1	0	0	0	0	0	0	0	2	0	0	0	0	0	0	0	0	0	0	2	15	12	0	0	0	0	0	0
fsh-generated/resources/Observation-mii-exa-onko-genetische-variante-braf.json	1151	1	0	0	0	0	0	0	0	977	0	0	0	0	0	0	0	0	0	0	2	8	10	0	0	0	0	0	0
fsh-generated/resources/Observation-mii-exa-onko-grading-1.json	989	1	0	0	0	0	0	0	0	2	0	0	0	0	0	0	0	0	0	0	2	8	11	0	0	0	0	0	0
fsh-generated/resources/Observation-mii-exa-onko-histologie-icdo3.json	927	1	0	0	0	0	0	0	0	985	0	0	0	0	0	0	0	0	0	0	2	8	11	0	0	0	0	0	0
fsh-generated/resources/Observation-mii-exa-onko-krk-abstand-circumferelle-resektionsebene.json	966	1	0	0	0	0	0	0	0	958	0	0	0	0	0	0	0	0	0	0	2	8	12	0	0	0	0	0	0
fsh-generated/resources/Observation-mii-exa-onko-krk-abstand-mesorektale-fascie.json	864	1	0	0	0	0	0	0	1	971	0	0	0	0	0	0	0	0	0	0	2	8	13	0	0	0	0	0	0
fsh-generated/resources/Observation-mii-exa-onko-krk-abstand-resektionsrand-aboral.json	916	1	0	0	0	0	0	0	0	954	0	0	0	0	0	0	0	0	0	0	3	8	11	0	0	0	0	0	0
fsh-generated/resources/Observation-mii-exa-onko-krk-abstand-tumor-anokutanlinie.json	869	1	0	0	0	0	0	0	0	944	0	0	0	0	0	0	0	0	0	0	2	7	14	0	0	0	0	0	0
fsh-generated/resources/Observation-mii-exa-onko-krk-anastomoseninsuffizienz.json	1058	1	0	0	0	0	0	0	0	1	0	0	0	0	0	0	0	0	0	0	2	9	13	0	0	0	0	0	0
fsh-generated/resources/Observation-mii-exa-onko-mamma-her2neu-status.json	1604	1	0	0	0	0	0	0	0	2	0	0	0	0	0	0	0	0	0	0	2	31	11	0	0	0	0	0	0
fsh-generated/resources/Observation-mii-exa-onko-mamma-menopause-status-1.json	835	0	0	0	0	0	0	0	0	0	0	0	0	0	0	0	0	0	0	0	2	7	10	0	0	0	0	0	0
fsh-generated/resources/Observation-mii-exa-onko-mamma-rezeptorstatus-estrogen-1.json	1818	2	0	0	0	0	0	0	0	1	0	0	0	0	0	0	0	0	0	0	3	10	12	0	0	0	0	0	0
fsh-generated/resources/Observation-mii-exa-onko-mamma-rezeptorstatus-progesteron-1.json	1833	1	0	0	0	0	0	0	1	1	0	0	0	0	0	0	0	0	0	0	2	11	15	0	0	0	0	0	0
fsh-generated/resources/Observation-mii-exa-onko-mamma-tumorgroesse-1.json	1139	1	0	0	0	0	0	0	0	960	0	0	0	0	0	0	0	0	0	0	3	8	12	0	0	0	0	0	0
fsh-generated/resources/Observation-mii-exa-onko-melanom-breslow-tiefe.json	1100	1	0	0	0	0	0	0	0	944	0	0	0	0	0	0	0	0	0	0	3	9	12	0	0	0	0	0	0
fsh-generated/resources/Observation-mii-exa-onko-melanom-ldh.json	1727	1	0	0	0	0	0	0	0	2871	0	0	0	0	0	0	0	0	0	0	2	12	14	0	0	0	0	0	0
fsh-generated/resources/Observation-mii-exa-onko-melanom-sicherheitsabstand.json	977	1	0	0	0	0	0	0	0	962	0	0	0	0	0	0	0	0	0	0	2	9	12	0	0	0	0	0	0
fsh-generated/resources/Observation-mii-exa-onko-melanom-ulzeration.json	1235	1	0	0	0	0	0	0	0	1	0	0	0	0	0	0	0	0	0	0	1	11	12	0	0	0	0	0	0
fsh-generated/resources/Observation-mii-exa-onko-modification-verlauf-6months.json	3087	1	0	0	0	0	0	0	1	2	0	0	0	0	0	0	0	1	0	0	2	16	13	0	0	0	0	0	0
fsh-generated/resources/Observation-mii-exa-onko-prostata-anzahl-positiver-stanzen-1.json	725	1	0	0	0	0	0	0	0	1	0	0	0	0	0	0	0	0	0	0	2	7	11	0	0	0	0	0	0
fsh-generated/resources/Observation-mii-exa-onko-prostata-anzahl-stanzen-1.json	697	1	0	0	1	0	0	0	0	1	0	0	0	0	0	0	0	0	0	0	1	7	10	0	0	0	0	0	0
fsh-generated/resources/Observation-mii-exa-onko-prostata-ca-befall-stanze-1.json	820	1	0	0	0	0	0	0	0	1	0	0	0	0	0	0	0	0	0	0	2	9	12	0	0	0	0	0	0
fsh-generated/resources/Observation-mii-exa-onko-prostata-gleason-pattern-grade-group-1.json	1292	1	0	0	0	0	0	0	0	0	0	0	0	0	0	0	0	0	0	0	2	9	14	0	0	0	0	0	0
fsh-generated/resources/Observation-mii-exa-onko-prostata-gleason-pattern-primary-1.json	884	1	0	0	0	0	0	0	0	1	0	0	0	0	0	0	0	0	0	0	1	8	11	0	0	0	0	0	0
fsh-generated/resources/Observation-mii-exa-onko-prostata-gleason-pattern-secondary-1.json	888	0	0	0	0	0	0	0	0	1	0	0	0	0	0	0	0	0	0	0	2	7	11	0	0	0	0	0	0
fsh-generated/resources/Observation-mii-exa-onko-prostata-psa-diagnose-1.json	741	1	0	0	0	0	0	0	0	0	0	0	0	0	0	0	0	0	0	0	2	7	11	0	0	0	0	0	0
fsh-generated/resources/Observation-mii-exa-onko-prostata-psa-verlauf-1.json	741	1	0	0	0	0	0	0	0	1	0	0	0	0	0	0	0	0	0	0	1	7	11	0	0	0	0	0	0
fsh-generated/resources/Observation-mii-exa-onko-prostata-surgical-complication-1.json	1205	1	0	0	0	0	0	0	0	1	0	0	0	0	0	0	0	0	0	0	2	8	12	0	0	0	0	0	0
fsh-generated/resources/Observation-mii-exa-onko-residualstatus-1.json	692	1	0	0	0	0	0	0	0	984	0	0	0	0	0	0	0	0	0	0	2	7	9	0	0	0	0	0	0
fsh-generated/resources/Observation-mii-exa-onko-studienteilnahme-prob.json	1225	1	0	0	0	0	0	0	0	2	0	0	0	0	0	0	0	0	0	0	1	10	13	0	0	0	0	0	0
fsh-generated/resources/Observation-mii-exa-onko-studienteilnahme.json	815	1	0	0	0	0	0	0	1	983	0	0	0	0	0	0	0	0	0	0	2	11	10	0	0	0	0	0	0
fsh-generated/resources/Observation-mii-exa-onko-tnm-klassifikation-TisN0M0.json	1214	1	0	0	0	0	0	0	0	2	0	0	0	0	0	0	0	0	0	0	1	9	14	0	0	0	0	0	0
fsh-generated/resources/Observation-mii-exa-onko-tnm-klassifikation-uT2a2pN0023i-sncM1.json	1505	1	0	0	1	0	0	0	0	2	0	0	0	0	0	0	0	0	0	0	2	10	18	0	0	0	0	0	0
fsh-generated/resources/Observation-mii-exa-onko-tnm-l-kategorie-L.json	985	1	0	0	0	0	0	0	0	1	0	0	0	0	0	0	0	0	0	0	1	8	9	0	0	0	0	0	0
fsh-generated/resources/Observation-mii-exa-onko-tnm-l-kategorie-L1.json	986	1	0	0	0	0	0	0	0	1	0	0	0	0	0	0	0	0	0	0	2	7	9	0	0	0	0	0	0
fsh-generated/resources/Observation-mii-exa-onko-tnm-m-kategorie-M0.json	1340	1	0	0	0	0	0	0	0	1	0	0	0	0	0	0	0	0	0	0	2	9	9	0	0	0	0	0	0
fsh-generated/resources/Observation-mii-exa-onko-tnm-m-kategorie-cM1.json	1341	1	0	0	0	0	0	0	0	1	0	0	0	0	0	0	0	0	0	0	2	8	9	0	0	0	0	0	0
fsh-generated/resources/Observation-mii-exa-onko-tnm-n-kategorie-N0.json	1340	1	0	0	0	0	0	0	1	1	0	0	0	0	0	0	0	0	0	0	2	7	10	0	0	0	0	0	0
fsh-generated/resources/Observation-mii-exa-onko-tnm-n-kategorie-pN0i-sn.json	2117	2	0	0	0	0	0	0	0	2	0	0	0	0	0	0	0	0	0	0	1	9	11	0	0	0	0	0	0
fsh-generated/resources/Observation-mii-exa-onko-tnm-pn-kategorie-Pn1.json	1005	1	0	0	1	0	0	0	0	1	0	0	0	0	0	0	0	0	0	0	2	7	8	0	0	0	0	0	0
fsh-generated/resources/Observation-mii-exa-onko-tnm-s-kategorie-S1.json	961	0	0	0	0	0	0	0	0	2	0	0	0	0	0	0	0	0	0	0	2	7	9	0	0	0	0	0	0
fsh-generated/resources/Observation-mii-exa-onko-tnm-t-kategorie-Tis.json	1343	1	0	0	0	0	0	0	0	1	0	0	0	0	0	0	0	0	0	0	1	7	10	0	0	0	0	0	0
fsh-generated/resources/Observation-mii-exa-onko-tnm-t-kategorie-uT2a2.json	1347	1	0	0	0	0	0	0	0	2	0	0	0	0	0	0	0	0	0	0	2	8	9	0	0	0	0	0	0
fsh-generated/resources/Observation-mii-exa-onko-tnm-v-kategorie-V1.json	983	1	0	0	0	0	0	0	0	1	0	0	0	0	0	0	0	0	0	0	1	7	8	0	0	0	0	0	0
fsh-generated/resources/Observation-mii-exa-onko-tod-j.json	1114	1	0	0	0	0	0	0	0	991	0	0	0	0	0	0	0	0	0	0	2	8	9	0	0	0	0	0	0
fsh-generated/resources/Observation-mii-exa-onko-tod-n.json	1118	2	0	0	0	0	0	0	1	1	0	0	0	0	0	0	0	0	0	0	2	7	10	0	0	0	0	0	0
fsh-generated/resources/Observation-mii-exa-onko-tod-u.json	1024	0	0	0	0	0	0	0	0	1	0	0	0	0	0	0	0	0	0	0	1	7	9	0	0	0	0	0	0
fsh-generated/resources/Observation-mii-exa-onko-tumorgroesse.json	1055	1	0	0	1	0	0	0	0	954	0	0	0	0	0	0	0	0	0	0	2	8	11	0	0	0	0	0	0
fsh-generated/resources/Observation-mii-exa-onko-verlauf-tumor.json	2700	2	0	0	0	0	0	0	0	3	0	0	0	0	0	0	0	0	0	0	1	13	13	0	0	0	0	0	0
fsh-generated/resources/Observation-mii-exa-onko-weitere-klassifikationen-1.json	1149	1	0	0	0	0	0	0	0	1	0	0	0	0	0	0	0	0	0	0	2	8	12	0	0	0	0	0	0
fsh-generated/resources/Observation-mii-exa-onko-weitere-klassifikationen-2.json	1163	1	0	0	0	0	0	0	0	1	0	0	0	0	0	0	0	0	0	0	2	9	12	0	0	0	0	0	0
fsh-generated/resources/Observation-mii-exa-onko-weitere-klassifikationen-3.json	1098	1	0	0	0	0	0	0	0	2	0	0	0	0	0	0	0	0	0	0	2	8	14	0	0	0	0	0	0
fsh-generated/resources/Observation-mii-exa-onko-weitere-klassifikationen-4.json	1168	1	0	0	0	0	0	0	0	2	0	0	0	0	0	0	0	0	0	0	2	9	12	0	0	0	0	0	0
fsh-generated/resources/Patient-PatientKimMusterperson.json	195	1	0	0	1	0	0	0	0	1	0	0	0	0	0	0	0	0	0	0	2	4	6	0	0	0	0	0	0
fsh-generated/resources/Patient-mii-exa-onko-folfox-patient.json	366	0	0	0	0	0	0	0	1	0	0	0	0	0	0	0	0	0	0	0	2	4	6	0	0	0	0	0	0
fsh-generated/resources/Patient-mii-exa-onko-krk-bundle-patient.json	177	1	0	0	0	0	0	0	0	1	0	0	0	0	0	0	0	0	0	0	2	4	6	0	0	0	0	0	0
fsh-generated/resources/Patient-mii-exa-onko-mamma-bundle-patient.json	175	1	0	0	0	0	0	0	0	0	0	0	0	0	0	0	0	0	0	0	1	3	7	0	0	0	0	0	0
fsh-generated/resources/Patient-mii-exa-onko-melanom-bundle-patient.json	176	1	0	0	0	0	0	0	0	0	0	0	0	0	0	0	0	0	0	0	2	4	6	0	0	0	0	0	0
fsh-generated/resources/Patient-mii-exa-onko-molecular-board-patient.json	375	1	0	0	0	0	0	0	0	1	0	0	0	0	0	0	0	0	0	0	1	4	6	0	0	0	0	0	0
fsh-generated/resources/Patient-mii-exa-onko-prostata-bundle-patient.json	180	1	0	0	0	0	0	0	0	0	0	0	0	0	0	0	0	0	0	0	2	4	7	0	0	0	0	0	0
fsh-generated/resources/Procedure-PatientKimMusterperson-Procedure-1.json	769	0	0	0	0	0	0	0	0	2	0	0	0	0	0	0	0	0	0	0	1	7	11	0	0	0	0	0	0
fsh-generated/resources/Procedure-PatientKimMusterperson-Procedure-2.json	816	1	0	0	1	0	0	0	0	1	0	0	0	0	0	0	0	0	0	0	2	6	10	0	0	0	0	0	0
fsh-generated/resources/Procedure-PatientKimMusterperson-Procedure-3.json	755	1	0	0	0	0	0	0	0	1	0	0	0	0	0	0	0	0	0	0	2	7	10	0	0	0	0	0	0
fsh-generated/resources/Procedure-PatientKimMusterperson-Procedure-4.json	1457	1	0	0	0	0	0	0	0	1	0	0	0	0	0	0	0	0	0	0	1	8	12	0	0	0	0	0	0
fsh-generated/resources/Procedure-PatientKimMusterperson-Procedure-4a.json	1103	1	0	0	0	0	0	0	0	1	0	0	0	0	0	0	0	0	0	0	2	8	12	0	0	0	0	0	0
fsh-generated/resources/Procedure-PatientKimMusterperson-Procedure-4b.json	1051	1	0	0	0	0	0	0	0	2	0	0	0	0	0	0	0	0	0	0	1	8	11	0	0	0	0	0	0
fsh-generated/resources/Procedure-PatientKimMusterperson-Procedure-4c.json	1031	1	0	0	0	0	0	0	0	1	0	0	0	0	0	0	0	0	0	0	2	8	12	0	0	0	0	0	0
fsh-generated/resources/Procedure-PatientKimMusterperson-Procedure-4d.json	1107	1	0	0	0	0	0	0	0	1	0	0	0	0	0	0	0	0	0	0	1	8	12	0	0	0	0	0	0
fsh-generated/resources/Procedure-PatientKimMusterperson-SystemicTherapy-1.json	1781	1	0	0	1	0	0	0	1	977	0	0	0	0	0	0	0	0	0	0	2	10	12	0	0	0	0	0	0
fsh-generated/resources/Procedure-PatientKimMusterperson-SystemicTherapy-2.json	1676	1	0	0	0	0	0	0	0	1	0	0	0	0	0	0	0	0	0	0	2	8	10	0	0	0	0	0	0
fsh-generated/resources/Procedure-PatientKimMusterperson-SystemicTherapy-3.json	1651	1	0	0	0	0	0	0	0	1	0	0	0	0	0	0	0	0	0	0	1	10	10	0	0	0	0	0	0
fsh-generated/resources/Procedure-mii-exa-onko-folfox-phase1.json	2886	1	0	0	0	0	0	0	0	2	0	0	0	0	0	0	0	0	0	0	2	14	18	0	0	0	0	0	0
fsh-generated/resources/Procedure-mii-exa-onko-folfox-procedure.json	2889	1	0	0	0	0	0	0	0	2	0	0	0	0	0	0	0	0	0	0	1	14	17	0	0	0	0	0	0
fsh-generated/resources/Procedure-mii-exa-onko-krk-operation.json	1565	0	0	0	0	0	0	0	0	1	0	0	0	0	0	0	0	0	0	0	2	9	14	0	0	0	0	0	0
fsh-generated/resources/Procedure-mii-exa-onko-krk-stoma-markierung.json	1301	1	0	0	0	0	0	0	1	2	0	0	0	0	0	0	0	0	0	0	1	10	12	0	0	0	0	0	0
fsh-generated/resources/Procedure-mii-exa-onko-lv5fu2-phase2.json	2997	1	0	0	0	0	0	0	0	2	0	0	0	0	0	0	0	0	0	0	2	15	21	0	0	0	0	0	0
fsh-generated/resources/Procedure-mii-exa-onko-mamma-praeoperative-markierung-1.json	941	1	0	0	0	0	0	0	0	1	0	0	0	0	0	0	0	0	0	0	2	7	11	0	0	0	0	0	0
fsh-generated/resources/Procedure-mii-exa-onko-melanom-exzision-oberarm.json	2002	1	0	0	0	0	0	0	0	0	0	0	0	0	0	0	0	0	0	0	1	10	13	0	0	0	0	0	0
fsh-generated/resources/Procedure-mii-exa-onko-melanom-exzision-ruecken.json	2102	1	0	0	0	0	0	0	0	1	0	0	0	0	0	0	0	0	0	0	2	11	12	0	0	0	0	0	0
fsh-generated/resources/Procedure-mii-exa-onko-operation-1.json	1884	0	0	0	0	0	0	0	0	2	0	0	0	0	0	0	0	0	0	0	2	10	13	0	0	0	0	0	0
fsh-generated/resources/Procedure-mii-exa-onko-palbociclib-therapie.json	1691	1	0	0	1	0	0	0	1	3	0	0	0	0	0	0	0	0	0	1	1	10	14	0	0	0	0	0	0
fsh-generated/resources/Procedure-mii-exa-onko-pertuzumab-therapie.json	1472	1	0	0	0	0	0	0	0	1	0	0	0	0	0	0	0	0	0	0	2	9	13	0	0	0	0	0	0
fsh-generated/resources/Procedure-mii-exa-onko-prostata-operation-prostatektomie.json	1726	1	0	0	0	0	0	0	0	1	0	0	0	0	0	0	0	0	0	0	2	10	12	0	0	0	0	0	0
fsh-generated/resources/Procedure-mii-exa-onko-prostata-operation-turp.json	1735	1	0	0	0	0	0	0	0	1	0	0	0	0	0	0	0	0	0	0	2	10	11	0	0	0	0	0	0
fsh-generated/resources/Procedure-mii-exa-onko-prostata-surgery-1.json	1317	1	0	0	0	0	0	0	0	1	0	0	0	0	0	0	0	0	0	0	1	8	11	0	0	0	0	0	1
fsh-generated/resources/Procedure-mii-exa-onko-prostata-surgery-2.json	2126	1	0	0	0	0	0	0	0	1	0	0	0	0	0	0	0	0	0	0	2	11	13	0	0	0	0	0	0
fsh-generated/resources/Procedure-mii-exa-onko-right-hemicolectomy.json	1939	1	0	0	0	0	0	0	0	2	0	0	0	0	0	0	0	0	0	0	1	10	13	0	0	0	0	0	0
fsh-generated/resources/Procedure-mii-exa-onko-sigmoid-resection-part1.json	1629	1	0	0	0	0	0	0	1	2	0	0	0	0	0	0	0	0	0	0	2	11	15	0	0	0	0	0	0
fsh-generated/resources/Procedure-mii-exa-onko-sigmoid-resection-part2.json	1681	1	0	0	1	0	0	0	0	1	0	0	0	0	0	0	0	0	0	0	1	10	15	0	0	0	0	0	0
fsh-generated/resources/Procedure-mii-exa-onko-sigmoid-resection-part3.json	1587	1	0	0	0	0	0	0	0	1	0	0	0	0	0	0	0	0	0	0	2	10	15	0	0	0	0	0	0
fsh-generated/resources/Procedure-mii-exa-onko-sigmoid-resection.json	2048	1	0	0	0	0	0	0	0	2	0	0	0	0	0	0	0	0	0	0	2	11	13	0	0	0	0	0	0
fsh-generated/resources/Procedure-mii-exa-onko-strahlentherapie-2014-mamma-mit-lk.json	1886	1	0	0	0	0	0	0	0	1897	0	0	0	0	0	0	0	0	0	0	2	11	15	0	0	0	0	0	0
fsh-generated/resources/Procedure-mii-exa-onko-strahlentherapie-2014-prostata-mit-lk.json	1878	1	0	0	0	0	0	0	0	1898	0	0	0	0	0	0	0	0	0	0	3	11	14	0	0	0	0	0	0
fsh-generated/resources/Procedure-mii-exa-onko-strahlentherapie-2021-mamma-lymphknoten.json	2529	1	0	0	0	0	0	0	1	1930	0	0	0	0	0	0	0	0	0	0	3	12	16	0	0	0	0	0	0
fsh-generated/resources/Procedure-mii-exa-onko-strahlentherapie-2021-mamma-primaer.json	2412	0	0	0	0	0	0	0	0	2011	0	0	0	0	0	0	0	0	0	0	2	11	15	0	0	0	0	0	0
fsh-generated/resources/Procedure-mii-exa-onko-strahlentherapie-bestrahlung-nuklearmedizin-1.json	2984	2	0	0	0	0	0	0	0	1	0	0	0	0	0	0	0	0	0	0	1	12	16	0	0	0	0	0	0
fsh-generated/resources/Procedure-mii-exa-onko-strahlentherapie-bestrahlung-strahlentherapie-1.json	3052	1	0	0	0	0	0	0	0	1508	0	0	0	0	0	0	0	1	0	0	2	13	17	0	0	0	0	0	0
fsh-generated/resources/Procedure-mii-exa-onko-strahlentherapie-nuklearmedizin-1.json	1579	1	0	0	0	0	0	0	1	973	0	0	0	0	0	0	0	0	0	0	1	8	11	0	0	0	0	0	0
fsh-generated/resources/Procedure-mii-exa-onko-strahlentherapie-strahlentherapie-1.json	1586	0	0	0	0	0	0	0	0	1	0	0	0	0	0	0	0	0	0	0	2	9	11	0	0	0	0	0	0
fsh-generated/resources/Procedure-mii-exa-onko-systemische-therapie-1.json	2014	1	0	0	0	0	0	0	0	1	0	0	0	0	0	0	0	0	0	0	2	11	11	0	0	0	0	0	0
fsh-generated/resources/Procedure-mii-exa-onko-trastuzumab-therapie.json	1485	1	0	0	1	0	0	0	0	1	0	0	0	0	0	0	0	0	0	0	2	9	13	0	0	0	0	0	0
fsh-generated/resources/RequestGroup-mii-exa-onko-folfox-requestgroup-modification.json	2086	1	0	0	0	0	0	0	0	3	0	0	0	0	0	0	0	0	0	0	2	14	33	0	0	0	0	0	0
fsh-generated/resources/RequestGroup-mii-exa-onko-folfox-requestgroup.json	2054	1	0	0	0	0	0	0	0	2	0	0	0	0	0	0	0	0	0	0	3	12	34	0	0	0	0	0	0
fsh-generated/resources/RequestGroup-mii-exa-onko-molecular-cdk46-protocol.json	1124	0	0	0	0	0	0	0	0	1	0	0	0	0	0	0	0	0	0	0	2	10	28	0	0	0	0	0	0
fsh-generated/resources/RequestGroup-mii-exa-onko-molecular-her2-alternatives.json	1411	1	0	0	0	0	0	0	1	2	0	0	0	0	0	0	0	0	0	0	3	12	28	0	0	0	0	0	0
fsh-generated/resources/ResearchStudy-mii-exa-onko-studie-prob.json	1122	2	0	0	0	0	0	0	0	1	0	0	0	0	0	0	0	0	0	0	2	6	17	0	0	0	0	0	0
fsh-generated/resources/SearchParameter-mii-sp-onko-condition-ext-morphology-behavior-icdo3.json	1570	1	0	0	0	0	0	0	0	3	0	0	0	0	0	0	0	0	0	0	3	11	11	0	0	0	1	0	0
fsh-generated/resources/SearchParameter-mii-sp-onko-ext-strahlentherapie-stellungzurop.json	977	0	0	0	0	0	0	0	0	1	0	0	0	0	1	0	0	0	0	0	3	9	8	0	0	0	0	0	0
fsh-generated/resources/SearchParameter-mii-sp-onko-ext-systemischetherapie-stellungzurop.json	993	1	0	0	1	0	0	0	0	1	0	0	0	0	0	0	0	0	0	0	3	8	9	0	0	0	0	0	0
fsh-generated/resources/SearchParameter-mii-sp-onko-observation-ext-tnm-m-cppraefix.json	1502	1	0	0	0	0	0	0	0	1	0	0	0	0	0	0	0	0	0	0	3	10	10	0	0	0	1	0	0
fsh-generated/resources/SearchParameter-mii-sp-onko-observation-ext-tnm-n-cppraefix.json	1502	2	0	0	0	0	0	0	0	2	0	0	0	0	1	0	0	0	0	0	2	10	10	0	0	0	0	0	0
fsh-generated/resources/SearchParameter-mii-sp-onko-observation-ext-tnm-n-itc.json	1466	0	0	0	0	0	0	0	0	1	0	0	0	0	0	0	0	0	0	0	2	10	10	0	0	0	0	0	0
fsh-generated/resources/SearchParameter-mii-sp-onko-observation-ext-tnm-n-sn-suffix.json	1503	1	0	0	0	0	0	0	0	1	0	0	0	0	1	0	0	0	0	0	2	10	10	0	0	0	1	0	0
fsh-generated/resources/SearchParameter-mii-sp-onko-observation-ext-tnm-t-cppraefix.json	1502	1	0	0	0	0	0	0	1	2	0	0	0	0	0	0	0	0	0	0	2	10	10	0	0	0	0	0	0
fsh-generated/resources/SearchParameter-mii-sp-onko-procedure-ext-operation-intention.json	1510	1	0	0	1	0	0	0	0	1	0	0	0	0	0	0	0	0	0	0	16	12	11	0	0	0	0	0	0
fsh-generated/resources/SearchParameter-mii-sp-onko-procedure-ext-strahlentherapie-bs-boost.json	1545	30	0	0	0	0	0	0	0	1	0	0	0	0	1	0	0	0	0	0	5	13	10	0	0	0	0	0	0
fsh-generated/resources/SearchParameter-mii-sp-onko-procedure-ext-strahlentherapie-bs-einzeldosis.json	1584	1	0	0	0	0	0	0	0	1	0	0	0	0	0	0	0	0	0	0	5	10	10	0	0	0	1	0	0
fsh-generated/resources/SearchParameter-mii-sp-onko-procedure-ext-strahlentherapie-bs-gesamtdosis.json	1584	1	0	0	0	0	0	0	0	1	0	0	0	0	1	0	0	0	0	0	5	11	16	0	0	0	0	0	0
fsh-generated/resources/SearchParameter-mii-sp-onko-procedure-ext-strahlentherapie-intention.json	1545	1	0	0	0	0	0	0	0	2	0	0	0	0	0	0	0	0	0	0	4	10	10	0	0	0	0	0	0
fsh-generated/resources/SearchParameter-mii-sp-onko-procedure-ext-systemischetherapie-intention.json	1561	1	0	0	0	0	0	0	0	1	0	0	0	0	0	0	0	0	0	0	4	11	10	0	0	0	1	0	0
fsh-generated/resources/SearchParameter-mii-sp-onko-procedure-strahlentherapie-applikationsart.json	1550	1	0	0	0	0	0	0	0	1	0	0	0	0	1	0	0	0	0	0	3	11	10	0	0	0	0	0	0
fsh-generated/resources/SearchParameter-mii-sp-onko-procedure-strahlentherapie-lateralitaet.json	1592	1	0	0	1	0	0	0	1	1	0	0	0	0	0	0	0	0	0	0	2	10	11	0	0	0	0	0	0
fsh-generated/resources/SearchParameter-mii-sp-onko-procedure-strahlentherapie-strahlenart.json	1526	1	0	0	0	0	0	0	0	2	0	0	0	0	0	0	0	0	0	0	2	11	10	0	0	0	1	0	0
fsh-generated/resources/ServiceRequest-mii-exa-onko-molecular-surgery-request.json	869	1	0	0	0	0	0	0	0	1002	0	0	0	0	0	0	0	0	0	0	1	7	19	0	0	0	0	0	0
fsh-generated/resources/Specimen-PatientKimMusterperson-Specimen-1.json	270	0	0	0	0	0	0	0	0	2	0	0	0	0	0	0	0	0	0	0	2	4	8	0	0	0	0	0	0
fsh-generated/resources/Specimen-mii-exa-onko-krk-specimen.json	1077	1	0	0	0	0	0	0	0	1	0	0	0	0	0	0	0	0	0	0	1	9	10	0	0	0	0	0	0
fsh-generated/resources/Specimen-mii-exa-onko-specimen-1.json	403	1	0	0	0	0	0	0	0	1	0	0	0	0	0	0	0	0	0	0	2	6	8	0	0	0	0	0	0
fsh-generated/resources/StructureDefinition-mii-ex-onko-histology-morphology-behavior-icdo3.json	2574	1	0	18	0	0	0	0	0	58	0	0	1	0	1	0	0	0	0	0	1	100	1289	0	0	0	2	0	0
fsh-generated/resources/StructureDefinition-mii-ex-onko-operation-intention.json	2403	1	0	11	0	0	0	0	0	12	0	0	0	0	0	0	0	1	0	0	0	99	631	0	0	0	1	0	0
fsh-generated/resources/StructureDefinition-mii-ex-onko-operation-urgency.json	2820	1	0	10	0	0	0	0	0	15	0	0	0	0	1	0	0	0	0	0	1	99	510	0	0	0	2	0	0
fsh-generated/resources/StructureDefinition-mii-ex-onko-strahlentherapie-bestrahlung-boost.json	2101	1	0	5	1	0	0	0	0	10	0	0	0	0	0	0	0	0	0	0	0	54	332	0	0	0	1	0	0
fsh-generated/resources/StructureDefinition-mii-ex-onko-strahlentherapie-bestrahlung-einzeldosis.json	2357	1	0	8	0	0	0	0	1	11	0	0	0	0	0	0	0	0	0	0	0	75	451	0	0	0	2	0	0
fsh-generated/resources/StructureDefinition-mii-ex-onko-strahlentherapie-bestrahlung-gesamtdosis.json	2326	0	0	7	0	0	0	0	0	9	0	0	0	0	1	0	0	1	0	0	1	74	449	0	0	0	1	0	1
fsh-generated/resources/StructureDefinition-mii-ex-onko-strahlentherapie-bestrahlung-seitenlokalisation.json	2278	1	0	5	0	0	0	0	0	9	0	0	0	0	0	0	0	0	0	0	0	55	353	0	0	0	1	0	0
fsh-generated/resources/StructureDefinition-mii-ex-onko-strahlentherapie-intention.json	2420	1	0	8	0	0	0	0	0	13	0	0	0	0	0	0	0	0	0	0	0	99	339	0	0	0	2	0	0
fsh-generated/resources/StructureDefinition-mii-ex-onko-strahlentherapie-stellungzurop.json	2454	1	0	9	0	0	0	0	0	13	0	0	0	0	1	0	0	0	0	0	1	100	302	0	0	0	1	0	0
fsh-generated/resources/StructureDefinition-mii-ex-onko-systemische-therapie-intention.json	2456	1	0	19	0	0	0	0	0	13	0	0	0	0	0	0	0	0	0	0	0	98	308	0	0	0	2	0	0
fsh-generated/resources/StructureDefinition-mii-ex-onko-systemische-therapie-stellungzurop.json	2490	1	0	21	0	0	0	0	0	13	0	0	0	0	1	0	0	1	0	0	0	100	460	0	0	0	2	0	0
fsh-generated/resources/StructureDefinition-mii-ex-onko-tnm-cp-praefix.json	2467	0	0	21	0	0	0	0	0	16	0	0	0	0	0	0	0	0	0	0	1	95	298	0	1	0	2	1	0
fsh-generated/resources/StructureDefinition-mii-ex-onko-tnm-itc-suffix.json	2003	1	0	13	0	0	0	0	0	12	0	0	0	0	1	0	0	0	0	0	0	93	300	0	0	0	2	0	0
fsh-generated/resources/StructureDefinition-mii-ex-onko-tnm-sn-suffix.json	2034	1	0	21	0	0	0	0	0	12	0	0	0	0	0	0	0	0	0	0	0	94	302	0	0	0	3	0	0
fsh-generated/resources/StructureDefinition-mii-lm-mvgenomseq-onkologie.json	64353	7	0	110	0	0	0	0	0	168	0	0	1	0	1	0	0	3	0	0	7	1087	1558	0	0	0	29	0	1
fsh-generated/resources/StructureDefinition-mii-lm-onko-organspezifische-zusatzmodule.json	45170	4	0	42	0	0	0	0	0	65	0	0	0	0	1	0	0	2	0	0	4	649	1303	0	0	0	13	0	1
fsh-generated/resources/StructureDefinition-mii-lm-onko.json	62832	9	0	46	1	0	0	0	0	156	0	0	1	0	0	0	0	2	0	0	4	896	1647	0	0	0	19	0	1
fsh-generated/resources/StructureDefinition-mii-pr-onko-allgemeiner-leistungszustand-ecog.json	6977	2	0	61	0	0	0	0	0	70	0	0	0	0	1	0	0	2	0	0	1	420	1497	0	0	0	10	0	1
fsh-generated/resources/StructureDefinition-mii-pr-onko-allgemeiner-leistungszustand-karnofsky.json	7002	1	0	51	0	0	0	0	0	29	0	0	0	0	0	0	0	1	0	0	0	416	1175	0	0	0	10	0	1
fsh-generated/resources/StructureDefinition-mii-pr-onko-anzahl-befallene-lymphknoten.json	6953	2	0	55	0	0	0	0	0	28	0	0	0	0	1	0	0	2	0	0	1	378	1341	0	0	0	9	0	0
fsh-generated/resources/StructureDefinition-mii-pr-onko-anzahl-befallene-sentinel-lymphknoten.json	7019	1	0	61	0	0	0	0	0	29	0	0	0	0	0	0	0	1	0	0	0	381	1195	0	0	0	9	0	1
fsh-generated/resources/StructureDefinition-mii-pr-onko-anzahl-untersuchte-lymphknoten.json	6977	2	0	39	0	0	0	0	0	29	0	0	1	0	0	0	0	1	0	0	0	377	1201	0	0	0	9	1	0
fsh-generated/resources/StructureDefinition-mii-pr-onko-anzahl-untersuchte-sentinel-lymphknoten.json	7049	1	0	31	0	0	0	0	0	20	0	0	0	0	0	0	0	2	0	0	1	380	830	0	1	0	9	0	1
fsh-generated/resources/StructureDefinition-mii-pr-onko-asa-klassifikation.json	5439	1	0	27	0	0	0	0	1	15	0	0	0	0	1	0	0	1	0	0	0	291	1494	0	0	0	7	0	1
fsh-generated/resources/StructureDefinition-mii-pr-onko-befund.json	5407	2	0	21	0	0	0	0	0	15	0	0	0	0	0	0	0	1	0	0	0	257	521	0	0	0	6	0	0
fsh-generated/resources/StructureDefinition-mii-pr-onko-diagnose-primaertumor.json	18241	2	0	107	0	0	0	0	0	74	0	0	0	0	0	0	0	3	0	0	1	758	4817	0	0	0	17	0	1
fsh-generated/resources/StructureDefinition-mii-pr-onko-fernmetastasen.json	6363	2	0	29	1	0	0	0	0	26	0	0	1	0	0	0	0	1	0	0	0	286	852	0	0	0	8	1	1
fsh-generated/resources/StructureDefinition-mii-pr-onko-fruehere-tumorerkrankung.json	9910	1	0	55	0	0	0	0	0	40	0	0	0	0	1	0	0	1	0	0	1	394	1991	0	0	0	11	0	1
fsh-generated/resources/StructureDefinition-mii-pr-onko-genetische-variante.json	7704	1	0	269	0	0	0	0	0	99	0	0	0	0	0	0	0	4	0	0	0	1284	4117	0	1	0	24	1	3
fsh-generated/resources/StructureDefinition-mii-pr-onko-grading.json	6680	1	0	35	0	0	0	0	0	35	0	0	0	0	1	0	0	1	0	0	1	383	963	0	0	0	10	0	0
fsh-generated/resources/StructureDefinition-mii-pr-onko-histologie-icdo3.json	12655	1	0	32	0	0	0	0	0	41	0	0	1	0	0	0	0	0	0	0	0	412	2610	0	0	0	10	0	1
fsh-generated/resources/StructureDefinition-mii-pr-onko-krk-abstand-aboral.json	5937	1	0	27	0	0	0	0	0	27	0	0	0	0	0	0	0	1	0	0	1	275	1029	0	0	0	7	0	0
fsh-generated/resources/StructureDefinition-mii-pr-onko-krk-abstand-anokutan.json	5801	1	0	29	0	0	0	0	1	29	0	0	0	0	1	0	0	1	0	0	0	298	582	0	0	0	7	0	1
fsh-generated/resources/StructureDefinition-mii-pr-onko-krk-abstand-circumferelle-resektionsebene.json	6051	1	0	28	0	0	0	0	0	21	0	0	0	0	0	0	0	0	0	0	1	277	1008	0	0	0	7	0	0
fsh-generated/resources/StructureDefinition-mii-pr-onko-krk-anastomoseninsuffizienz.json	6047	0	0	30	0	0	0	0	0	14	0	0	0	0	1	0	0	1	0	0	0	285	548	0	0	0	7	0	1
fsh-generated/resources/StructureDefinition-mii-pr-onko-krk-mrt-mesorektale-faszie.json	9113	1	0	34	0	0	0	0	0	42	0	0	0	0	0	0	0	1	0	0	0	394	610	0	1	0	10	1	1
fsh-generated/resources/StructureDefinition-mii-pr-onko-krk-operation.json	2984	1	0	139	1	0	0	0	0	38	0	0	0	0	1	0	0	1	0	0	1	490	1168	0	0	0	11	0	1
fsh-generated/resources/StructureDefinition-mii-pr-onko-krk-specimen.json	3204	1	0	55	0	0	0	0	0	17	0	0	0	0	0	0	0	1	0	0	0	196	627	0	0	0	5	0	0
fsh-generated/resources/StructureDefinition-mii-pr-onko-krk-stoma-markierung.json	5755	0	0	63	0	0	0	0	0	30	0	0	1	0	0	0	0	1	0	0	0	417	766	0	0	0	9	0	1
fsh-generated/resources/StructureDefinition-mii-pr-onko-liste-evidenz-erstdiagnose.json	2677	1	0	16	0	0	0	0	0	15	0	0	0	0	1	0	0	0	0	0	0	164	357	0	0	0	4	1	0
fsh-generated/resources/StructureDefinition-mii-pr-onko-mamma-her2neu-status.json	8040	1	0	46	0	0	0	0	0	129	0	0	0	0	0	0	0	1	0	0	1	508	2714	0	0	0	12	0	1
fsh-generated/resources/StructureDefinition-mii-pr-onko-mamma-menopause-status.json	3074	0	0	29	0	0	0	0	0	29	0	0	0	0	0	0	0	1	0	0	0	277	1057	0	0	0	6	0	0
fsh-generated/resources/StructureDefinition-mii-pr-onko-mamma-operation.json	5215	1	0	29956	0	0	0	0	0	41	0	0	0	0	1	0	0	2	0	0	0	610	976	0	0	0	13	0	1
fsh-generated/resources/StructureDefinition-mii-pr-onko-mamma-praeoperative-markierung.json	2833	1	0	12	0	0	0	0	0	12	0	0	0	0	0	0	0	0	0	0	1	215	436	0	0	0	5	0	1
fsh-generated/resources/StructureDefinition-mii-pr-onko-mamma-rezeptorstatus-estrogen.json	8484	1	0	37	0	0	0	0	1	38	0	0	0	0	0	0	0	1	0	0	0	578	2325	0	0	0	13	0	0
fsh-generated/resources/StructureDefinition-mii-pr-onko-mamma-rezeptorstatus-progesteron.json	7708	1	0	23	0	0	0	0	0	31	0	0	1	0	1	0	0	1	0	0	0	530	1267	0	0	0	12	1	1
fsh-generated/resources/StructureDefinition-mii-pr-onko-mamma-sozialdienst.json	2780	0	0	27	1	0	0	0	0	23	0	0	0	0	0	0	0	2	0	0	1	502	892	0	0	0	11	0	1
fsh-generated/resources/StructureDefinition-mii-pr-onko-melanom-breslow-tiefe.json	7124	2	0	14	0	0	0	0	0	18	0	0	0	0	0	0	0	0	0	0	0	330	554	0	0	0	8	0	1
fsh-generated/resources/StructureDefinition-mii-pr-onko-melanom-exzision.json	2058	0	0	533	0	0	0	0	0	22	0	0	0	0	1	0	0	2	0	0	0	470	963	0	0	0	11	0	1
fsh-generated/resources/StructureDefinition-mii-pr-onko-melanom-ldh.json	7693	1	0	25	0	0	0	0	0	17	0	0	0	0	0	0	0	1	0	0	1	319	1113	0	0	0	9	0	0
fsh-generated/resources/StructureDefinition-mii-pr-onko-melanom-sicherheitsabstand.json	7578	1	0	28	0	0	0	0	0	21	0	0	0	0	0	0	0	0	0	0	0	297	549	0	0	0	7	1	1
fsh-generated/resources/StructureDefinition-mii-pr-onko-melanom-ulzeration.json	6620	1	0	26	0	0	0	0	0	16	0	0	0	0	1	0	0	1	0	0	1	294	509	0	0	0	8	0	0
fsh-generated/resources/StructureDefinition-mii-pr-onko-nebenwirkung-adverse-event.json	9413	1	0	25	0	0	0	0	0	20	0	0	0	0	0	0	0	0	0	0	0	328	531	0	0	0	8	0	0
fsh-generated/resources/StructureDefinition-mii-pr-onko-operation.json	16803	1	0	3	0	0	0	0	0	36	0	0	1	0	0	0	0	1	0	0	1	708	964	0	1	0	15	0	2
fsh-generated/resources/StructureDefinition-mii-pr-onko-prostata-operation.json	2112	0	0	544	0	0	0	0	0	21	0	0	0	0	1	0	0	1	0	0	0	465	1190	0	0	0	10	0	1
fsh-generated/resources/StructureDefinition-mii-pr-onko-prostate-anzahl-positive-stanzen.json	5096	1	0	64	1	0	0	0	0	13	0	0	0	0	0	0	0	0	0	0	0	249	727	0	0	0	7	0	0
fsh-generated/resources/StructureDefinition-mii-pr-onko-prostate-anzahl-stanzen.json	4982	1	0	12	0	0	0	0	0	12	0	0	0	0	0	0	0	1	0	0	1	248	555	0	0	0	6	0	1
fsh-generated/resources/StructureDefinition-mii-pr-onko-prostate-ca-befall-stanze.json	4629	0	0	14	0	0	0	0	1	18	0	0	0	0	1	0	0	0	0	0	0	288	522	0	0	0	7	0	0
fsh-generated/resources/StructureDefinition-mii-pr-onko-prostate-clavien-dindo.json	7012	1	0	21	0	0	0	0	0	20	0	0	0	0	0	0	0	1	0	0	0	391	3116	0	0	0	9	0	1
fsh-generated/resources/StructureDefinition-mii-pr-onko-prostate-gleason-grade-group.json	5891	1	0	22	0	0	0	0	0	23	0	0	0	0	1	0	0	0	0	0	1	290	1034	0	0	0	8	0	0
fsh-generated/resources/StructureDefinition-mii-pr-onko-prostate-gleason-patterns.json	6142	1	0	15	0	0	0	0	0	14	0	0	1	0	0	0	0	0	0	0	0	283	1526	0	0	0	7	0	1
fsh-generated/resources/StructureDefinition-mii-pr-onko-prostate-psa.json	5659	0	0	14	0	0	0	0	0	15	0	0	0	0	0	0	0	1	0	0	1	284	1079	0	0	0	7	0	0
fsh-generated/resources/StructureDefinition-mii-pr-onko-residualstatus.json	6361	1	0	17	0	0	0	0	0	19	0	0	0	0	1	0	0	0	0	0	0	353	665	0	0	0	9	0	1
fsh-generated/resources/StructureDefinition-mii-pr-onko-specimen.json	5206	1	0	1	0	0	0	0	0	12	0	0	0	0	0	0	0	1	0	0	0	210	445	0	0	0	4	0	0
fsh-generated/resources/StructureDefinition-mii-pr-onko-strahlentherapie-bestrahlung-nuklearmedizin.json	24732	2	0	50	1	0	0	0	0	115	0	0	0	0	1	0	0	1	0	0	1	821	1077	0	0	0	19	1	1
fsh-generated/resources/StructureDefinition-mii-pr-onko-strahlentherapie-bestrahlung-strahlentherapie.json	19213	1	0	50	0	0	0	0	0	63	0	0	1	0	0	0	0	1	0	0	1	866	1057	0	0	0	17	0	2
fsh-generated/resources/StructureDefinition-mii-pr-onko-strahlentherapie.json	12688	1	0	39	0	0	0	0	0	32	0	0	0	0	1	0	0	1	0	0	0	563	906	0	1	0	13	0	1
fsh-generated/resources/StructureDefinition-mii-pr-onko-studienteilnahme.json	7309	1	0	16	0	0	0	1	1	26	0	0	0	0	0	0	0	0	0	0	1	311	614	0	0	0	8	0	0
fsh-generated/resources/StructureDefinition-mii-pr-onko-systemische-therapie-medikation.json	10616	1	0	83	0	0	0	0	0	65	0	0	0	0	1	0	0	2	0	0	0	1037	2346	0	0	0	20	0	2
fsh-generated/resources/StructureDefinition-mii-pr-onko-systemische-therapie.json	18044	2	0	47	0	0	0	0	0	39	0	0	1	0	0	0	0	1	0	0	1	710	1037	0	0	0	16	0	1
fsh-generated/resources/StructureDefinition-mii-pr-onko-therapieempfehlung-kombinationstherapie.json	5718	0	0	17	0	0	0	0	0	19	0	0	0	0	1	0	0	0	0	0	0	302	599	0	0	0	7	0	1
fsh-generated/resources/StructureDefinition-mii-pr-onko-therapieempfehlung-medikation.json	4344	1	0	63	0	0	0	0	0	43	0	0	0	0	0	0	0	2	0	0	0	878	2566	0	0	0	20	1	2
fsh-generated/resources/StructureDefinition-mii-pr-onko-therapieempfehlung-operation.json	2906	1	0	11	0	0	0	0	0	13	0	0	0	0	1	0	0	1	0	0	1	204	475	0	0	0	5	0	0
fsh-generated/resources/StructureDefinition-mii-pr-onko-tnm-a-symbol.json	6675	0	0	15	1	0	0	0	0	18	0	0	0	0	0	0	0	0	0	0	0	310	2543	0	0	0	8	0	1
fsh-generated/resources/StructureDefinition-mii-pr-onko-tnm-klassifikation.json	10023	1	0	16	0	0	0	0	0	21	0	0	0	0	0	0	0	0	0	0	0	324	1042	0	0	0	8	0	0
fsh-generated/resources/StructureDefinition-mii-pr-onko-tnm-l-kategorie.json	6939	1	0	17	0	0	0	0	0	30	0	0	1	0	1	0	0	1	0	0	1	319	578	0	0	0	8	0	1
fsh-generated/resources/StructureDefinition-mii-pr-onko-tnm-m-kategorie.json	10865	1	0	24	0	0	0	0	1	39	0	0	0	0	0	0	0	0	0	0	0	418	1167	0	0	0	10	0	0
fsh-generated/resources/StructureDefinition-mii-pr-onko-tnm-m-symbol.json	6724	1	0	16	0	0	0	0	0	28	0	0	0	0	1	0	0	1	0	0	1	371	1543	0	1	0	8	0	1
fsh-generated/resources/StructureDefinition-mii-pr-onko-tnm-n-kategorie.json	11415	1	0	23	0	0	0	0	0	39	0	0	0	0	0	0	0	0	0	0	0	429	1262	0	0	0	12	0	0
fsh-generated/resources/StructureDefinition-mii-pr-onko-tnm-pn-kategorie.json	7988	1	0	17	0	0	0	0	0	19	0	0	0	0	1	0	0	1	0	0	0	332	679	0	0	0	8	0	1
fsh-generated/resources/StructureDefinition-mii-pr-onko-tnm-r-symbol.json	6673	1	0	19	0	0	0	0	0	24	0	0	0	0	0	0	0	0	0	0	1	310	2563	0	0	0	7	0	0
fsh-generated/resources/StructureDefinition-mii-pr-onko-tnm-s-kategorie.json	6999	1	0	16	0	0	0	0	0	17	0	0	1	0	0	0	0	1	0	0	0	318	1578	0	0	0	8	0	1
fsh-generated/resources/StructureDefinition-mii-pr-onko-tnm-t-kategorie.json	9437	1	0	20	1	0	0	0	0	26	0	0	0	0	1	0	0	0	0	0	1	398	1125	0	0	0	9	0	0
fsh-generated/resources/StructureDefinition-mii-pr-onko-tnm-v-kategorie.json	7023	2	0	18	0	0	0	0	0	81	0	0	0	0	0	0	0	1	0	0	0	331	585	0	0	0	8	0	1
fsh-generated/resources/StructureDefinition-mii-pr-onko-tnm-y-symbol.json	6784	1	0	17	0	0	0	0	0	18	0	0	0	0	1	0	0	0	0	0	0	311	580	0	0	0	8	0	0
fsh-generated/resources/StructureDefinition-mii-pr-onko-tod.json	8071	2	0	16	0	0	0	0	0	20	0	0	0	0	0	0	0	0	0	0	1	343	12037	0	0	0	8	1	1
fsh-generated/resources/StructureDefinition-mii-pr-onko-tumorgroesse.json	7372	2	0	16	0	0	0	0	0	22	0	0	0	0	0	0	0	1	0	0	1	386	610	0	0	0	9	0	0
fsh-generated/resources/StructureDefinition-mii-pr-onko-tumorkonferenz.json	16205	2	0	126	0	0	0	0	0	40	0	0	0	0	1	0	0	1	0	0	1	589	979	0	0	0	14	0	1
fsh-generated/resources/StructureDefinition-mii-pr-onko-verlauf.json	17016	1	0	32	0	0	0	0	0	55	0	0	1	0	0	0	0	1	0	0	0	757	1001	0	1	0	17	0	1
fsh-generated/resources/StructureDefinition-mii-pr-onko-weitere-klassifikationen.json	10882	1	0	14	0	0	0	0	0	22	0	0	0	0	1	0	0	0	0	0	1	317	2084	0	0	0	8	0	0
fsh-generated/resources/ValueSet-mii-vs-onko-allgemeiner-leistungszustand-ecog.json	1040	1	0	0	0	0	0	0	1	41	0	0	0	0	0	0	0	0	0	0	5	10	210	0	0	0	1	0	0
fsh-generated/resources/ValueSet-mii-vs-onko-allgemeiner-leistungszustand-karnofsky.json	1070	0	0	0	1	0	0	0	0	2	0	0	0	0	1	0	0	0	0	0	4	9	113	0	0	0	0	0	0
fsh-generated/resources/ValueSet-mii-vs-onko-asa-loinc.json	1399	1	0	0	0	0	0	0	0	493	0	0	0	0	0	0	0	0	0	0	3	9	582	0	0	0	0	0	0
fsh-generated/resources/ValueSet-mii-vs-onko-asa-obds.json	939	0	0	0	0	0	0	0	0	3	0	0	0	0	1	0	0	0	0	0	2	9	85	0	0	0	0	0	0
fsh-generated/resources/ValueSet-mii-vs-onko-beurteilung-lokaler-residualstatus.json	1024	0	0	0	0	0	0	0	0	1	0	0	0	0	0	0	0	0	0	0	2	11	80	0	0	0	0	0	0
fsh-generated/resources/ValueSet-mii-vs-onko-fernmetastasen.json	912	1	0	0	0	0	0	0	0	2	0	0	0	0	1	0	0	0	0	0	2	10	81	0	0	0	1	0	0
fsh-generated/resources/ValueSet-mii-vs-onko-genetische-variante-auspraegung.json	1019	0	0	0	0	0	0	0	0	1	0	0	0	0	0	0	0	0	0	0	2	11	78	0	0	0	0	0	0
fsh-generated/resources/ValueSet-mii-vs-onko-gesamtbeurteilung-residualstatus.json	1014	0	0	0	0	0	0	0	0	2	0	0	0	0	0	0	0	0	0	0	2	11	86	0	0	0	0	0	1
fsh-generated/resources/ValueSet-mii-vs-onko-grading.json	946	1	0	0	1	0	0	0	0	1	0	0	0	0	1	0	0	0	0	0	1	74	77	0	0	0	0	0	0
fsh-generated/resources/ValueSet-mii-vs-onko-icdo3-morphologie.json	1059	0	0	0	0	0	0	0	0	1429	0	0	0	0	0	0	0	0	0	0	2	10	269	0	0	0	0	0	0
fsh-generated/resources/ValueSet-mii-vs-onko-icdo3-topographie.json	1031	0	0	0	0	0	0	0	1	487	0	0	0	0	1	0	0	0	0	0	2	8	610	0	0	0	0	0	0
fsh-generated/resources/ValueSet-mii-vs-onko-krk-abstand-circumferelle-resektionsrand.json	1304	1	0	0	0	0	0	0	0	482	0	0	0	0	0	0	0	1	0	0	1	11	55	0	0	0	1	0	0
fsh-generated/resources/ValueSet-mii-vs-onko-krk-abstand-resektionslinie-aboral.json	1270	0	0	0	0	0	0	0	0	484	0	0	0	0	1	0	0	0	0	0	2	12	50	0	0	0	0	0	0
fsh-generated/resources/ValueSet-mii-vs-onko-krk-anastomoseninsuffizienz.json	955	0	0	0	0	0	0	0	0	1	0	0	0	0	0	0	0	0	0	0	1	11	49	0	0	0	0	0	0
fsh-generated/resources/ValueSet-mii-vs-onko-krk-mrt-mesorektale-faszie-status.json	1029	1	0	0	0	0	0	0	0	2	0	0	0	0	0	0	0	0	0	0	2	11	46	0	0	0	0	0	0
fsh-generated/resources/ValueSet-mii-vs-onko-krk-stoma-anzeichnung.json	946	0	0	0	1	0	0	0	0	1	0	0	0	0	1	0	0	0	0	0	2	9	47	0	0	0	0	0	0
fsh-generated/resources/ValueSet-mii-vs-onko-krk-stoma-status-reason.json	1332	1	0	0	0	0	0	0	0	504	0	0	0	0	0	0	0	0	0	0	2	10	533	0	0	0	0	0	0
fsh-generated/resources/ValueSet-mii-vs-onko-krk-tme-qualitaet.json	955	0	0	0	0	0	0	0	0	1	0	0	0	0	1	0	0	0	0	0	2	8	54	0	0	0	0	0	0
fsh-generated/resources/ValueSet-mii-vs-onko-mamma-her2neu-status-leitlinie.json	1018	0	0	0	0	0	0	0	0	2	0	0	0	0	0	0	0	0	0	0	1	9	50	0	0	0	1	0	0
fsh-generated/resources/ValueSet-mii-vs-onko-mamma-her2neu-status-obds.json	961	1	0	0	0	0	0	0	1	1	0	0	0	0	1	0	0	0	0	0	2	8	52	0	0	0	0	0	0
fsh-generated/resources/ValueSet-mii-vs-onko-mamma-intraoperatives-imaging-praeparat.json	1049	0	0	0	0	0	0	0	0	506	0	0	0	0	0	0	0	0	0	0	2	9	1059	0	0	0	0	0	0
fsh-generated/resources/ValueSet-mii-vs-onko-mamma-menopause-status.json	1193	0	0	0	1	0	0	0	0	488	0	0	0	0	0	0	0	0	0	0	2	13	59	0	0	0	0	0	0
fsh-generated/resources/ValueSet-mii-vs-onko-mamma-operation-ops.json	960	1	0	0	0	0	0	0	0	545	0	0	0	0	1	0	0	0	0	0	2	9	594	0	0	0	0	0	0
fsh-generated/resources/ValueSet-mii-vs-onko-mamma-operation-sct.json	961	0	0	0	0	0	0	0	0	488	0	0	0	0	0	0	0	0	0	0	2	8	638	0	0	0	0	0	0
fsh-generated/resources/ValueSet-mii-vs-onko-mamma-praeoperative-markierung-modalitaet.json	1598	1	0	0	0	0	0	0	0	481	0	0	0	0	1	0	0	0	0	0	3	12	537	0	0	0	1	0	0
fsh-generated/resources/ValueSet-mii-vs-onko-mamma-rezeptorstatus-leitlinie.json	924	0	0	0	0	0	0	0	0	1	0	0	0	0	0	0	0	0	0	0	2	10	39	0	0	0	0	0	0
fsh-generated/resources/ValueSet-mii-vs-onko-mamma-rezeptorstatus-obds.json	1111	1	0	0	0	0	0	0	0	484	0	0	0	0	0	0	0	0	0	0	2	9	48	0	0	0	0	0	0
fsh-generated/resources/ValueSet-mii-vs-onko-melanom-exzision-snomedct.json	1153	0	0	0	0	0	0	0	0	481	0	0	0	0	1	0	0	0	0	0	3	9	517	0	0	0	0	0	0
fsh-generated/resources/ValueSet-mii-vs-onko-melanom-ldh.json	1343	0	0	0	1	0	0	0	1	471	0	0	0	0	0	0	0	0	0	0	2	9	39	0	0	0	0	0	0
fsh-generated/resources/ValueSet-mii-vs-onko-melanom-ulzeration.json	1111	1	0	0	0	0	0	0	0	3	0	0	0	0	1	0	0	0	0	0	2	9	39	0	0	0	0	0	0
fsh-generated/resources/ValueSet-mii-vs-onko-nebenwirkung-art.json	1172	0	0	0	0	0	0	0	0	2387	0	0	0	0	0	0	0	0	0	0	3	10	3916	0	0	0	1	0	0
fsh-generated/resources/ValueSet-mii-vs-onko-nebenwirkung-ctcae-grad.json	977	0	0	0	0	0	0	0	0	1	0	0	0	0	1	0	0	0	0	0	2	10	39	0	0	0	0	0	0
fsh-generated/resources/ValueSet-mii-vs-onko-operation-intention.json	1508	1	0	0	0	0	0	0	0	3	0	0	0	0	0	0	0	0	0	0	2	11	47	0	0	0	0	0	0
fsh-generated/resources/ValueSet-mii-vs-onko-operation-komplikation.json	989	0	0	0	0	0	0	0	0	1	0	0	0	0	0	0	0	0	0	0	2	8	52	0	0	0	0	0	0
fsh-generated/resources/ValueSet-mii-vs-onko-operation-urgency.json	939	0	0	0	0	0	0	0	0	1	0	0	0	0	1	0	0	0	0	0	1	8	36	0	0	0	0	0	0
fsh-generated/resources/ValueSet-mii-vs-onko-ops-nuklearmedizin.json	1169	1	0	0	0	0	0	0	0	1073	0	0	0	0	0	0	0	0	0	0	2	10	1063	0	0	0	1	0	0
fsh-generated/resources/ValueSet-mii-vs-onko-ops-strahlentherapie.json	1165	0	0	0	1	0	0	0	0	985	0	0	0	0	1	0	0	0	0	0	2	10	1008	0	0	0	0	0	0
fsh-generated/resources/ValueSet-mii-vs-onko-primaertumor-diagnosesicherung.json	1050	0	0	0	0	0	0	0	1	1	0	0	0	0	0	0	0	0	0	0	2	8	41	0	0	0	0	0	0
fsh-generated/resources/ValueSet-mii-vs-onko-prostata-clavien-dindo.json	2017	1	0	0	0	0	0	0	0	487	0	0	0	0	0	0	0	0	0	0	4	12	43	0	0	0	0	0	0
fsh-generated/resources/ValueSet-mii-vs-onko-prostata-gleason-patterns.json	1619	0	0	0	0	0	0	0	0	491	0	0	0	0	1	0	0	0	0	0	4	10	40	0	0	0	0	0	0
fsh-generated/resources/ValueSet-mii-vs-onko-prostata-gleason-primary-secondary-tertiary.json	1657	0	0	0	0	0	0	0	0	480	0	0	0	0	0	0	0	0	0	0	4	11	44	0	0	0	0	0	0
fsh-generated/resources/ValueSet-mii-vs-onko-prostata-gleason-score.json	2517	1	0	0	0	0	0	0	0	474	0	0	0	0	0	0	0	0	0	0	4	14	45	0	0	0	1	0	0
fsh-generated/resources/ValueSet-mii-vs-onko-prostata-operation-snomedct.json	1137	0	0	0	0	0	0	0	0	482	0	0	0	0	1	0	0	0	0	0	3	9	588	0	0	0	0	0	0
fsh-generated/resources/ValueSet-mii-vs-onko-prostata-postsurgical-complications.json	947	0	0	0	1	0	0	0	0	1	0	0	0	0	0	0	0	0	0	0	3	8	37	0	0	0	0	0	0
fsh-generated/resources/ValueSet-mii-vs-onko-prostata-psa-loinc.json	1250	1	0	0	0	0	0	0	1	483	0	0	0	0	0	0	0	0	0	0	4	10	40	0	0	0	0	0	0
fsh-generated/resources/ValueSet-mii-vs-onko-seitenlokalisation.json	982	0	0	0	0	0	0	0	0	1	0	0	0	0	1	0	0	0	0	0	3	8	38	0	0	0	0	0	0
fsh-generated/resources/ValueSet-mii-vs-onko-strahlentherapie-applikationsart.json	1046	0	0	0	0	0	0	0	0	1	0	0	0	0	0	0	0	0	0	0	4	11	41	0	1	0	1	0	0
fsh-generated/resources/ValueSet-mii-vs-onko-strahlentherapie-boost.json	986	1	0	0	0	0	0	0	0	2	0	0	0	0	0	0	0	0	0	0	4	10	31	0	0	0	0	0	0
fsh-generated/resources/ValueSet-mii-vs-onko-strahlentherapie-ende-grund.json	1862	0	0	0	0	0	0	0	0	2	0	0	0	0	1	0	0	0	0	0	4	13	37	0	0	0	0	0	0
fsh-generated/resources/ValueSet-mii-vs-onko-strahlentherapie-intention.json	1475	0	0	0	0	0	0	0	0	1	0	0	0	0	0	0	0	0	0	0	4	11	39	0	0	0	0	0	0
fsh-generated/resources/ValueSet-mii-vs-onko-strahlentherapie-stellungzurop.json	1002	1	0	0	0	0	0	0	0	1	0	0	0	0	1	0	0	0	0	0	4	8	47	0	0	0	0	0	0
fsh-generated/resources/ValueSet-mii-vs-onko-strahlentherapie-strahlenart.json	1015	0	0	0	1	0	0	0	0	1	0	0	0	0	0	0	0	0	0	0	5	8	41	0	0	0	0	0	0
fsh-generated/resources/ValueSet-mii-vs-onko-strahlentherapie-strahlungseinheit.json	1319	0	0	0	0	0	0	0	0	1435	0	0	0	0	1	0	0	0	0	0	4	8	3411	0	0	0	1	0	0
fsh-generated/resources/ValueSet-mii-vs-onko-strahlentherapie-zielgebiet.json	1230	1	0	0	0	0	0	0	1	2	0	0	0	0	0	0	0	0	0	0	4	9	83	0	0	0	0	0	0
fsh-generated/resources/ValueSet-mii-vs-onko-studienteilnahme.json	930	0	0	0	0	0	0	0	0	1	0	0	0	0	0	0	0	0	0	0	4	8	49	0	0	0	0	0	0
fsh-generated/resources/ValueSet-mii-vs-onko-systemische-therapie-art.json	2425	0	0	0	0	0	0	0	0	3	0	0	0	0	1	0	0	0	0	0	4	15	43	0	0	0	0	0	0
fsh-generated/resources/ValueSet-mii-vs-onko-systemische-therapie-ende-grund.json	1975	1	0	0	0	0	0	0	0	3	0	0	0	0	0	0	0	0	0	0	4	13	46	0	0	0	0	0	0
fsh-generated/resources/ValueSet-mii-vs-onko-systemische-therapie-intention.json	1383	0	0	0	0	0	0	0	0	3	0	0	0	0	1	0	0	0	0	0	3	10	48	0	0	0	1	0	0
fsh-generated/resources/ValueSet-mii-vs-onko-systemische-therapie-protokolle.json	1017	0	0	0	0	0	0	0	0	1	0	0	0	0	0	0	0	0	0	0	4	8	91	0	0	0	0	0	0
fsh-generated/resources/ValueSet-mii-vs-onko-systemische-therapie-stellungzurop.json	1497	1	0	0	1	0	0	0	0	2	0	0	0	0	0	0	0	0	0	0	4	11	69	0	0	0	0	0	0
fsh-generated/resources/ValueSet-mii-vs-onko-systemische-therapie-substanzen-2018.json	28672	1	0	0	0	0	0	0	4	3046	0	0	0	0	1	0	0	0	0	0	5	76	4672	0	0	0	2	0	0
fsh-generated/resources/ValueSet-mii-vs-onko-systemische-therapie-substanzen-2019.json	29616	1	0	0	0	0	0	0	4	2061	0	0	0	0	0	0	0	0	0	0	5	76	4617	0	0	0	3	0	0
fsh-generated/resources/ValueSet-mii-vs-onko-systemische-therapie-substanzen-2020.json	30827	2	0	0	0	0	0	0	4	1969	0	0	0	0	1	0	0	0	0	0	6	97	4628	0	0	1	3	0	0
fsh-generated/resources/ValueSet-mii-vs-onko-systemische-therapie-substanzen-2021.json	32776	2	0	0	0	0	0	0	3	1685	0	0	0	0	0	0	0	0	0	0	6	86	3799	0	0	0	3	0	0
fsh-generated/resources/ValueSet-mii-vs-onko-systemische-therapie-substanzen-2022.json	37922	2	0	0	0	0	0	0	3	1637	0	0	0	0	1	0	0	1	0	0	6	105	3703	0	0	0	4	0	1
fsh-generated/resources/ValueSet-mii-vs-onko-systemische-therapie-substanzen-2023.json	39574	2	0	0	0	0	0	0	3	1613	0	0	0	0	0	0	0	0	0	0	7	112	3721	0	0	0	4	0	0
fsh-generated/resources/ValueSet-mii-vs-onko-systemische-therapie-substanzen-2024.json	40222	1	0	0	0	0	0	0	3	1602	0	0	0	0	0	0	0	0	0	0	6	112	3803	0	0	0	4	0	0
fsh-generated/resources/ValueSet-mii-vs-onko-systemische-therapie-substanzen-2025.json	40594	2	0	0	1	0	0	0	3	1682	0	0	0	0	1	0	0	0	0	0	7	112	3670	0	0	0	4	0	0
fsh-generated/resources/ValueSet-mii-vs-onko-systemische-therapie-substanzen-2026.json	42780	3	0	0	0	0	0	0	3	674	0	0	0	0	0	0	0	1	0	0	6	109	829	0	0	0	4	0	0
fsh-generated/resources/ValueSet-mii-vs-onko-systemische-therapie-substanzen-unii.json	10902	0	0	0	0	0	0	0	1	943	0	0	0	0	1	0	0	0	0	0	2	34	554	0	0	0	1	0	0
fsh-generated/resources/ValueSet-mii-vs-onko-systemische-therapie-substanzen.json	50320	3	0	0	0	0	0	0	4	1949	0	0	0	0	0	0	0	0	0	0	6	127	4742	0	0	0	5	0	1
fsh-generated/resources/ValueSet-mii-vs-onko-therapieabweichung.json	966	0	0	0	0	0	0	0	0	1	0	0	0	0	0	0	0	0	0	0	2	9	37	0	0	0	0	0	0
fsh-generated/resources/ValueSet-mii-vs-onko-therapieempfehlung-typ.json	955	1	0	0	0	0	0	0	0	1	0	0	0	0	1	0	0	0	0	0	2	8	39	0	0	0	0	0	0
fsh-generated/resources/ValueSet-mii-vs-onko-therapieplanung-typ.json	947	0	0	0	0	0	0	0	0	1	0	0	0	0	0	0	0	0	0	0	1	7	37	0	0	0	0	0	0
fsh-generated/resources/ValueSet-mii-vs-onko-tnm-cp-praefix.json	1195	0	0	0	0	0	0	0	0	1	0	0	0	0	0	0	0	0	0	0	1	10	38	0	0	0	1	0	0
fsh-generated/resources/ValueSet-mii-vs-onko-tnm-itc-suffix.json	1320	1	0	0	1	0	0	0	0	2	0	0	0	0	0	0	0	0	0	0	2	9	35	0	0	0	0	0	0
fsh-generated/resources/ValueSet-mii-vs-onko-tnm-klassifikation-typ.json	1567	0	0	0	0	0	0	0	0	488	0	0	0	0	1	0	0	0	0	0	2	10	37	0	0	0	0	0	0
fsh-generated/resources/ValueSet-mii-vs-onko-tnm-l-kategorie-werte.json	1243	0	0	0	0	0	0	0	0	2	0	0	0	0	0	0	0	0	0	0	2	10	38	0	0	0	0	0	0
fsh-generated/resources/ValueSet-mii-vs-onko-tnm-m-kategorie-werte.json	1533	1	0	0	0	0	0	0	0	2	0	0	0	0	0	0	0	0	0	0	2	10	38	0	0	0	0	0	0
fsh-generated/resources/ValueSet-mii-vs-onko-tnm-m-kategorie.json	1273	0	0	0	0	0	0	0	0	482	0	0	0	0	1	0	0	0	0	0	2	10	36	0	0	0	1	0	0
fsh-generated/resources/ValueSet-mii-vs-onko-tnm-m-symbol.json	1696	0	0	0	0	0	0	0	1	2	0	0	0	0	0	0	0	0	0	0	1	11	49	0	0	0	0	0	0
fsh-generated/resources/ValueSet-mii-vs-onko-tnm-n-kategorie-werte.json	2181	1	0	0	0	0	0	0	0	2	0	0	0	0	0	0	0	0	0	0	2	15	56	0	0	0	0	0	0
fsh-generated/resources/ValueSet-mii-vs-onko-tnm-n-kategorie.json	1273	0	0	0	0	0	0	0	0	497	0	0	0	0	0	0	0	0	0	0	3	9	38	0	0	0	0	0	0
fsh-generated/resources/ValueSet-mii-vs-onko-tnm-pn-kategorie-werte.json	1247	0	0	0	1	0	0	0	0	2	0	0	0	0	1	0	0	0	0	0	2	10	36	0	0	0	0	0	0
fsh-generated/resources/ValueSet-mii-vs-onko-tnm-s-kategorie-werte.json	1377	1	0	0	0	0	0	0	0	2	0	0	0	0	0	0	0	0	0	0	1	10	38	0	0	0	1	0	0
fsh-generated/resources/ValueSet-mii-vs-onko-tnm-sn-suffix.json	1075	0	0	0	0	0	0	0	0	2	0	0	0	0	1	0	0	0	0	0	2	8	43	0	0	0	0	0	0
fsh-generated/resources/ValueSet-mii-vs-onko-tnm-t-kategorie-werte.json	4446	0	0	0	0	0	0	0	0	4	0	0	0	0	0	0	0	0	0	0	2	25	57	0	0	0	0	0	0
fsh-generated/resources/ValueSet-mii-vs-onko-tnm-t-kategorie.json	1272	1	0	0	0	0	0	0	0	510	0	0	0	0	0	0	0	0	0	0	2	10	42	0	0	0	0	0	0
fsh-generated/resources/ValueSet-mii-vs-onko-tnm-uicc-stadium.json	3702	0	0	0	0	0	0	0	1	3	0	0	0	0	0	0	0	0	0	0	1	21	49	0	0	0	1	0	0
fsh-generated/resources/ValueSet-mii-vs-onko-tnm-v-kategorie-werte.json	1315	0	0	0	0	0	0	0	0	2	0	0	0	0	1	0	0	0	0	0	2	11	37	0	0	0	0	0	0
fsh-generated/resources/ValueSet-mii-vs-onko-tnm-version.json	931	1	0	0	1	0	0	0	0	2	0	0	0	0	0	0	0	0	0	0	2	8	38	0	0	0	0	0	0
fsh-generated/resources/ValueSet-mii-vs-onko-tod.json	857	0	0	0	0	0	0	0	0	1	0	0	0	0	0	0	0	0	0	0	1	8	38	0	0	0	0	0	0
fsh-generated/resources/ValueSet-mii-vs-onko-verlauf-fernmetastasen.json	995	0	0	0	0	0	0	0	0	1	0	0	0	0	1	0	0	0	0	0	2	8	35	0	0	0	0	0	0
fsh-generated/resources/ValueSet-mii-vs-onko-verlauf-gesamtbeurteilung.json	997	1	0	0	0	0	0	0	0	1	0	0	0	0	0	0	0	0	0	0	2	8	38	0	0	0	1	0	0
fsh-generated/resources/ValueSet-mii-vs-onko-verlauf-lymphknoten.json	977	0	0	0	0	0	0	0	0	2	0	0	0	0	0	0	0	0	0	0	1	8	40	0	0	0	0	0	0
fsh-generated/resources/ValueSet-mii-vs-onko-verlauf-primaertumor.json	984	0	0	0	0	0	0	0	0	1	0	0	0	0	1	0	0	0	0	0	2	8	37	0	0	0	0	0	0
fsh-generated/resources/ValueSet-mii-vs-onko-weitere-klassifikationen-auspraegungen.json	7998	1	0	0	0	0	0	0	0	513	0	0	0	0	0	0	0	0	0	0	2	47	100	0	1	0	1	0	0
fsh-generated/resources/ValueSet-mii-vs-onko-weitere-klassifikationen.json	10054	0	0	0	0	0	0	0	1	1923	0	0	0	0	0	0	0	0	0	0	3	41	61	0	0	0	1	0	0
/fsh-generated/includes/menu.xml	2733	-	-	-	0	0	0	0	0	0	0	0	0	0	0	0	0	0	0	0	0	0	1	0	0	0	0	0	0
/fsh-generated/includes/fsh-link-references.md	46247	-	-	-	0	0	0	0	0	0	0	0	0	0	0	0	0	0	0	0	0	0	5	0	0	0	0	0	0
/input/pagecontent/security-privacy.md	1456	-	-	-	0	0	0	0	0	0	0	0	0	0	0	0	0	0	0	0	0	0	0	0	0	0	0	0	0
/input/pagecontent/conformance.md	10122	-	-	-	0	0	0	0	0	0	0	0	0	0	0	0	0	0	0	0	0	0	1	0	0	0	0	0	0
/input/pagecontent/bezug-nationale-standards.md	5132	-	-	-	0	0	0	0	0	0	0	0	0	0	0	0	0	0	0	0	0	0	1	0	0	0	0	0	0
/input/pagecontent/bezug-internationale-standards.md	4105	-	-	-	0	0	0	0	0	0	0	0	0	0	0	0	0	0	0	0	0	0	1	0	0	0	0	0	0
/input/pagecontent/abweichungen-obds.md	3198	-	-	-	0	0	0	0	0	0	0	0	0	0	0	0	0	0	0	0	0	0	0	0	0	0	0	0	0
/input/pagecontent/references.md	1514	-	-	-	0	0	0	0	0	0	0	0	0	0	0	0	0	0	0	0	0	0	1	0	0	0	0	0	0
/input/pagecontent/use-cases.md	4507	-	-	-	0	0	0	0	0	0	0	0	0	0	0	0	0	0	0	0	0	0	1	0	0	0	0	0	0
/input/pagecontent/context.md	3636	-	-	-	0	0	0	0	0	0	0	0	0	0	0	0	0	0	0	0	0	0	0	0	0	0	0	0	0
/input/pagecontent/changes.md	30150	-	-	-	0	0	0	0	0	0	0	0	0	0	0	0	0	0	0	0	0	0	1	0	0	0	0	0	0
/input/pagecontent/downloads.md	261	-	-	-	0	0	0	0	0	0	0	0	0	0	0	0	0	0	0	0	0	0	1	0	0	0	0	0	0
/input/pagecontent/uml.md	1650	-	-	-	0	0	0	0	0	0	0	0	0	0	0	0	0	0	0	0	0	0	0	0	0	0	0	0	0
/input/pagecontent/translationinfo.md	1346	-	-	-	0	0	0	0	0	0	0	0	0	0	0	0	0	0	0	0	0	0	0	0	0	0	0	0	0
/input/pagecontent/index.md	5975	-	-	-	0	0	0	0	0	0	0	0	0	0	0	0	0	0	0	0	0	0	0	0	0	0	0	0	0
/input/pagecontent/data-sets.md	3226	-	-	-	0	0	0	0	0	0	0	0	0	0	0	0	0	0	0	0	0	0	1	0	0	0	0	0	0
/template/config	0	-	-	-	0	0	0	0	0	0	0	0	0	0	0	0	0	0	0	0	0	0	0	0	0	0	0	0	0
/template/config/_config.yml	140	-	-	-	0	0	0	0	0	0	0	0	0	0	0	0	0	0	0	0	0	0	0	0	0	0	0	0	0
/input/images	0	-	-	-	0	0	0	0	0	0	0	0	0	0	0	0	0	0	0	0	0	0	0	0	0	0	0	0	0
/input/images/MII_Onko_08_TNM.svg	24357	-	-	-	0	0	0	0	0	0	0	0	0	0	0	0	0	0	0	0	0	0	1	0	0	0	0	0	0
/input/images/MII_Onko_UML_Relations_v1.svg	32402	-	-	-	0	0	0	0	0	0	0	0	0	0	0	0	0	0	0	0	0	0	0	0	0	0	0	0	0
/input/images/MII_Onko_9-12_Observations.svg	15393	-	-	-	0	0	0	0	0	0	0	0	0	0	0	0	0	0	0	0	0	0	1	0	0	0	0	0	0
/input/images/MII_Onko_Example_Patient.svg	120079	-	-	-	0	0	0	0	0	0	0	0	0	0	0	0	0	0	0	0	0	0	0	0	0	0	0	0	0
/input/images/MII_Onko_13-16_Prozeduren.svg	30242	-	-	-	0	0	0	0	0	0	0	0	0	0	0	0	0	0	0	0	0	0	0	0	0	0	0	0	0
/input/images/MII_Onko_06_Histologie.svg	19854	-	-	-	0	0	0	0	0	0	0	0	0	0	0	0	0	0	0	0	0	0	1	0	0	0	0	0	0
/input/images/onco_merged.svg	52916	-	-	-	0	0	0	0	0	0	0	0	0	0	0	0	0	0	0	0	0	0	0	0	0	0	0	0	0
/input/images/MII_Onko_17-20_23_Others.svg	20489	-	-	-	0	0	0	0	0	0	0	0	0	0	0	0	0	0	0	0	0	0	1	0	0	0	0	0	0
/input/images/MII_Onko_05_Diagnosis.svg	16113	-	-	-	0	0	0	0	0	0	0	0	0	0	0	0	0	0	0	0	0	0	0	0	0	0	0	0	0
/temp/pages/_includes/artifacts.xml	307500	-	-	-	-	-	-	-	-	-	-	-	-	-	-	-	-	-	-	-	-	-	12	0	0	0	0	0	0
